Already Installed,Installed already,already Installed,installed already
Already installed,Installed initially,already installed,installed initially
Already_Installed,Installed pre,already_Installed,installed pre
Already_installed,Installed_Already,already_installed,installed_Already
Existing,Installed_Initially,existing,installed_Initially
Initially Installed,Installed_Pre,initially Installed,installed_Pre
Initially installed,Installed_already,initially installed,installed_already
Initially_Installed,Installed_initially,initially_Installed,installed_initially
Initially_installed,Installed_pre,initially_installed,installed_pre
Installed,Pre Installed,installed,pre Installed
Installed Already,Pre installed,installed Already,pre installed
Installed Initially,Pre_Installed,installed Initially,pre_Installed
Installed Pre,Pre_installed,installed Pre,pre_installed
