Active Being Costs For,Costs Being for Active,active Being Costs For,costs Being for Active
Active Being Costs for,Costs Being for active,active Being Costs for,costs Being for active
Active Being For Costs,Costs Being operative,active Being For Costs,costs Being operative
Active Being For costs,Costs By Stand,active Being For costs,costs By Stand
Active Being costs For,Costs By stand,active Being costs For,costs By stand
Active Being costs for,Costs For Active Being,active Being costs for,costs For Active Being
Active Being for Costs,Costs For Active being,active Being for Costs,costs For Active being
Active Being for costs,Costs For Being Active,active Being for costs,costs For Being Active
Active Costs Being For,Costs For Being active,active Costs Being For,costs For Being active
Active Costs Being for,Costs For active Being,active Costs Being for,costs For active Being
Active Costs For Being,Costs For active being,active Costs For Being,costs For active being
Active Costs For being,Costs For being Active,active Costs For being,costs For being Active
Active Costs being For,Costs For being active,active Costs being For,costs For being active
Active Costs being for,Costs Operative Being,active Costs being for,costs Operative Being
Active Costs for Being,Costs Operative being,active Costs for Being,costs Operative being
Active Costs for being,Costs Stand By,active Costs for being,costs Stand By
Active For Being Costs,Costs Stand by,active For Being Costs,costs Stand by
Active For Being costs,Costs active Being For,active For Being costs,costs active Being For
Active For Costs Being,Costs active Being for,active For Costs Being,costs active Being for
Active For Costs being,Costs active For Being,active For Costs being,costs active For Being
Active For being Costs,Costs active For being,active For being Costs,costs active For being
Active For being costs,Costs active being For,active For being costs,costs active being For
Active For costs Being,Costs active being for,active For costs Being,costs active being for
Active For costs being,Costs active for Being,active For costs being,costs active for Being
Active being Costs For,Costs active for being,active being Costs For,costs active for being
Active being Costs for,Costs activity,active being Costs for,costs activity
Active being For Costs,Costs being Active For,active being For Costs,costs being Active For
Active being For costs,Costs being Active for,active being For costs,costs being Active for
Active being costs For,Costs being For Active,active being costs For,costs being For Active
Active being costs for,Costs being For active,active being costs for,costs being For active
Active being for Costs,Costs being Operative,active being for Costs,costs being Operative
Active being for costs,Costs being active For,active being for costs,costs being active For
Active costs Being For,Costs being active for,active costs Being For,costs being active for
Active costs Being for,Costs being for Active,active costs Being for,costs being for Active
Active costs For Being,Costs being for active,active costs For Being,costs being for active
Active costs For being,Costs being operative,active costs For being,costs being operative
Active costs being For,Costs by Stand,active costs being For,costs by Stand
Active costs being for,Costs by stand,active costs being for,costs by stand
Active costs for Being,Costs for Active Being,active costs for Being,costs for Active Being
Active costs for being,Costs for Active being,active costs for being,costs for Active being
Active for Being Costs,Costs for Being Active,active for Being Costs,costs for Being Active
Active for Being costs,Costs for Being active,active for Being costs,costs for Being active
Active for Costs Being,Costs for active Being,active for Costs Being,costs for active Being
Active for Costs being,Costs for active being,active for Costs being,costs for active being
Active for being Costs,Costs for being Active,active for being Costs,costs for being Active
Active for being costs,Costs for being active,active for being costs,costs for being active
Active for costs Being,Costs operative Being,active for costs Being,costs operative Being
Active for costs being,Costs operative being,active for costs being,costs operative being
Active_Being_Costs_For,Costs stand By,active_Being_Costs_For,costs stand By
Active_Being_Costs_for,Costs stand by,active_Being_Costs_for,costs stand by
Active_Being_For_Costs,Costs_Active_Being_For,active_Being_For_Costs,costs_Active_Being_For
Active_Being_For_costs,Costs_Active_Being_for,active_Being_For_costs,costs_Active_Being_for
Active_Being_costs_For,Costs_Active_For_Being,active_Being_costs_For,costs_Active_For_Being
Active_Being_costs_for,Costs_Active_For_being,active_Being_costs_for,costs_Active_For_being
Active_Being_for_Costs,Costs_Active_being_For,active_Being_for_Costs,costs_Active_being_For
Active_Being_for_costs,Costs_Active_being_for,active_Being_for_costs,costs_Active_being_for
Active_Costs_Being_For,Costs_Active_for_Being,active_Costs_Being_For,costs_Active_for_Being
Active_Costs_Being_for,Costs_Active_for_being,active_Costs_Being_for,costs_Active_for_being
Active_Costs_For_Being,Costs_Activity,active_Costs_For_Being,costs_Activity
Active_Costs_For_being,Costs_Being_Active_For,active_Costs_For_being,costs_Being_Active_For
Active_Costs_being_For,Costs_Being_Active_for,active_Costs_being_For,costs_Being_Active_for
Active_Costs_being_for,Costs_Being_For_Active,active_Costs_being_for,costs_Being_For_Active
Active_Costs_for_Being,Costs_Being_For_active,active_Costs_for_Being,costs_Being_For_active
Active_Costs_for_being,Costs_Being_Operative,active_Costs_for_being,costs_Being_Operative
Active_For_Being_Costs,Costs_Being_active_For,active_For_Being_Costs,costs_Being_active_For
Active_For_Being_costs,Costs_Being_active_for,active_For_Being_costs,costs_Being_active_for
Active_For_Costs_Being,Costs_Being_for_Active,active_For_Costs_Being,costs_Being_for_Active
Active_For_Costs_being,Costs_Being_for_active,active_For_Costs_being,costs_Being_for_active
Active_For_being_Costs,Costs_Being_operative,active_For_being_Costs,costs_Being_operative
Active_For_being_costs,Costs_By_Stand,active_For_being_costs,costs_By_Stand
Active_For_costs_Being,Costs_By_stand,active_For_costs_Being,costs_By_stand
Active_For_costs_being,Costs_For_Active_Being,active_For_costs_being,costs_For_Active_Being
Active_being_Costs_For,Costs_For_Active_being,active_being_Costs_For,costs_For_Active_being
Active_being_Costs_for,Costs_For_Being_Active,active_being_Costs_for,costs_For_Being_Active
Active_being_For_Costs,Costs_For_Being_active,active_being_For_Costs,costs_For_Being_active
Active_being_For_costs,Costs_For_active_Being,active_being_For_costs,costs_For_active_Being
Active_being_costs_For,Costs_For_active_being,active_being_costs_For,costs_For_active_being
Active_being_costs_for,Costs_For_being_Active,active_being_costs_for,costs_For_being_Active
Active_being_for_Costs,Costs_For_being_active,active_being_for_Costs,costs_For_being_active
Active_being_for_costs,Costs_Operative_Being,active_being_for_costs,costs_Operative_Being
Active_costs_Being_For,Costs_Operative_being,active_costs_Being_For,costs_Operative_being
Active_costs_Being_for,Costs_Stand_By,active_costs_Being_for,costs_Stand_By
Active_costs_For_Being,Costs_Stand_by,active_costs_For_Being,costs_Stand_by
Active_costs_For_being,Costs_active_Being_For,active_costs_For_being,costs_active_Being_For
Active_costs_being_For,Costs_active_Being_for,active_costs_being_For,costs_active_Being_for
Active_costs_being_for,Costs_active_For_Being,active_costs_being_for,costs_active_For_Being
Active_costs_for_Being,Costs_active_For_being,active_costs_for_Being,costs_active_For_being
Active_costs_for_being,Costs_active_being_For,active_costs_for_being,costs_active_being_For
Active_for_Being_Costs,Costs_active_being_for,active_for_Being_Costs,costs_active_being_for
Active_for_Being_costs,Costs_active_for_Being,active_for_Being_costs,costs_active_for_Being
Active_for_Costs_Being,Costs_active_for_being,active_for_Costs_Being,costs_active_for_being
Active_for_Costs_being,Costs_activity,active_for_Costs_being,costs_activity
Active_for_being_Costs,Costs_being_Active_For,active_for_being_Costs,costs_being_Active_For
Active_for_being_costs,Costs_being_Active_for,active_for_being_costs,costs_being_Active_for
Active_for_costs_Being,Costs_being_For_Active,active_for_costs_Being,costs_being_For_Active
Active_for_costs_being,Costs_being_For_active,active_for_costs_being,costs_being_For_active
Activity Costs,Costs_being_Operative,activity Costs,costs_being_Operative
Activity costs,Costs_being_active_For,activity costs,costs_being_active_For
Activity_Costs,Costs_being_active_for,activity_Costs,costs_being_active_for
Activity_costs,Costs_being_for_Active,activity_costs,costs_being_for_Active
Being Active Costs For,Costs_being_for_active,being Active Costs For,costs_being_for_active
Being Active Costs for,Costs_being_operative,being Active Costs for,costs_being_operative
Being Active For Costs,Costs_by_Stand,being Active For Costs,costs_by_Stand
Being Active For costs,Costs_by_stand,being Active For costs,costs_by_stand
Being Active costs For,Costs_for_Active_Being,being Active costs For,costs_for_Active_Being
Being Active costs for,Costs_for_Active_being,being Active costs for,costs_for_Active_being
Being Active for Costs,Costs_for_Being_Active,being Active for Costs,costs_for_Being_Active
Being Active for costs,Costs_for_Being_active,being Active for costs,costs_for_Being_active
Being Costs Active For,Costs_for_active_Being,being Costs Active For,costs_for_active_Being
Being Costs Active for,Costs_for_active_being,being Costs Active for,costs_for_active_being
Being Costs For Active,Costs_for_being_Active,being Costs For Active,costs_for_being_Active
Being Costs For active,Costs_for_being_active,being Costs For active,costs_for_being_active
Being Costs Operative,Costs_operative_Being,being Costs Operative,costs_operative_Being
Being Costs active For,Costs_operative_being,being Costs active For,costs_operative_being
Being Costs active for,Costs_stand_By,being Costs active for,costs_stand_By
Being Costs for Active,Costs_stand_by,being Costs for Active,costs_stand_by
Being Costs for active,For Active Being Costs,being Costs for active,for Active Being Costs
Being Costs operative,For Active Being costs,being Costs operative,for Active Being costs
Being For Active Costs,For Active Costs Being,being For Active Costs,for Active Costs Being
Being For Active costs,For Active Costs being,being For Active costs,for Active Costs being
Being For Costs Active,For Active being Costs,being For Costs Active,for Active being Costs
Being For Costs active,For Active being costs,being For Costs active,for Active being costs
Being For active Costs,For Active costs Being,being For active Costs,for Active costs Being
Being For active costs,For Active costs being,being For active costs,for Active costs being
Being For costs Active,For Being Active Costs,being For costs Active,for Being Active Costs
Being For costs active,For Being Active costs,being For costs active,for Being Active costs
Being Operative Costs,For Being Costs Active,being Operative Costs,for Being Costs Active
Being Operative costs,For Being Costs active,being Operative costs,for Being Costs active
Being active Costs For,For Being active Costs,being active Costs For,for Being active Costs
Being active Costs for,For Being active costs,being active Costs for,for Being active costs
Being active For Costs,For Being costs Active,being active For Costs,for Being costs Active
Being active For costs,For Being costs active,being active For costs,for Being costs active
Being active costs For,For Costs Active Being,being active costs For,for Costs Active Being
Being active costs for,For Costs Active being,being active costs for,for Costs Active being
Being active for Costs,For Costs Being Active,being active for Costs,for Costs Being Active
Being active for costs,For Costs Being active,being active for costs,for Costs Being active
Being costs Active For,For Costs active Being,being costs Active For,for Costs active Being
Being costs Active for,For Costs active being,being costs Active for,for Costs active being
Being costs For Active,For Costs being Active,being costs For Active,for Costs being Active
Being costs For active,For Costs being active,being costs For active,for Costs being active
Being costs Operative,For active Being Costs,being costs Operative,for active Being Costs
Being costs active For,For active Being costs,being costs active For,for active Being costs
Being costs active for,For active Costs Being,being costs active for,for active Costs Being
Being costs for Active,For active Costs being,being costs for Active,for active Costs being
Being costs for active,For active being Costs,being costs for active,for active being Costs
Being costs operative,For active being costs,being costs operative,for active being costs
Being for Active Costs,For active costs Being,being for Active Costs,for active costs Being
Being for Active costs,For active costs being,being for Active costs,for active costs being
Being for Costs Active,For being Active Costs,being for Costs Active,for being Active Costs
Being for Costs active,For being Active costs,being for Costs active,for being Active costs
Being for active Costs,For being Costs Active,being for active Costs,for being Costs Active
Being for active costs,For being Costs active,being for active costs,for being Costs active
Being for costs Active,For being active Costs,being for costs Active,for being active Costs
Being for costs active,For being active costs,being for costs active,for being active costs
Being operative Costs,For being costs Active,being operative Costs,for being costs Active
Being operative costs,For being costs active,being operative costs,for being costs active
Being_Active_Costs_For,For costs Active Being,being_Active_Costs_For,for costs Active Being
Being_Active_Costs_for,For costs Active being,being_Active_Costs_for,for costs Active being
Being_Active_For_Costs,For costs Being Active,being_Active_For_Costs,for costs Being Active
Being_Active_For_costs,For costs Being active,being_Active_For_costs,for costs Being active
Being_Active_costs_For,For costs active Being,being_Active_costs_For,for costs active Being
Being_Active_costs_for,For costs active being,being_Active_costs_for,for costs active being
Being_Active_for_Costs,For costs being Active,being_Active_for_Costs,for costs being Active
Being_Active_for_costs,For costs being active,being_Active_for_costs,for costs being active
Being_Costs_Active_For,For_Active_Being_Costs,being_Costs_Active_For,for_Active_Being_Costs
Being_Costs_Active_for,For_Active_Being_costs,being_Costs_Active_for,for_Active_Being_costs
Being_Costs_For_Active,For_Active_Costs_Being,being_Costs_For_Active,for_Active_Costs_Being
Being_Costs_For_active,For_Active_Costs_being,being_Costs_For_active,for_Active_Costs_being
Being_Costs_Operative,For_Active_being_Costs,being_Costs_Operative,for_Active_being_Costs
Being_Costs_active_For,For_Active_being_costs,being_Costs_active_For,for_Active_being_costs
Being_Costs_active_for,For_Active_costs_Being,being_Costs_active_for,for_Active_costs_Being
Being_Costs_for_Active,For_Active_costs_being,being_Costs_for_Active,for_Active_costs_being
Being_Costs_for_active,For_Being_Active_Costs,being_Costs_for_active,for_Being_Active_Costs
Being_Costs_operative,For_Being_Active_costs,being_Costs_operative,for_Being_Active_costs
Being_For_Active_Costs,For_Being_Costs_Active,being_For_Active_Costs,for_Being_Costs_Active
Being_For_Active_costs,For_Being_Costs_active,being_For_Active_costs,for_Being_Costs_active
Being_For_Costs_Active,For_Being_active_Costs,being_For_Costs_Active,for_Being_active_Costs
Being_For_Costs_active,For_Being_active_costs,being_For_Costs_active,for_Being_active_costs
Being_For_active_Costs,For_Being_costs_Active,being_For_active_Costs,for_Being_costs_Active
Being_For_active_costs,For_Being_costs_active,being_For_active_costs,for_Being_costs_active
Being_For_costs_Active,For_Costs_Active_Being,being_For_costs_Active,for_Costs_Active_Being
Being_For_costs_active,For_Costs_Active_being,being_For_costs_active,for_Costs_Active_being
Being_Operative_Costs,For_Costs_Being_Active,being_Operative_Costs,for_Costs_Being_Active
Being_Operative_costs,For_Costs_Being_active,being_Operative_costs,for_Costs_Being_active
Being_active_Costs_For,For_Costs_active_Being,being_active_Costs_For,for_Costs_active_Being
Being_active_Costs_for,For_Costs_active_being,being_active_Costs_for,for_Costs_active_being
Being_active_For_Costs,For_Costs_being_Active,being_active_For_Costs,for_Costs_being_Active
Being_active_For_costs,For_Costs_being_active,being_active_For_costs,for_Costs_being_active
Being_active_costs_For,For_active_Being_Costs,being_active_costs_For,for_active_Being_Costs
Being_active_costs_for,For_active_Being_costs,being_active_costs_for,for_active_Being_costs
Being_active_for_Costs,For_active_Costs_Being,being_active_for_Costs,for_active_Costs_Being
Being_active_for_costs,For_active_Costs_being,being_active_for_costs,for_active_Costs_being
Being_costs_Active_For,For_active_being_Costs,being_costs_Active_For,for_active_being_Costs
Being_costs_Active_for,For_active_being_costs,being_costs_Active_for,for_active_being_costs
Being_costs_For_Active,For_active_costs_Being,being_costs_For_Active,for_active_costs_Being
Being_costs_For_active,For_active_costs_being,being_costs_For_active,for_active_costs_being
Being_costs_Operative,For_being_Active_Costs,being_costs_Operative,for_being_Active_Costs
Being_costs_active_For,For_being_Active_costs,being_costs_active_For,for_being_Active_costs
Being_costs_active_for,For_being_Costs_Active,being_costs_active_for,for_being_Costs_Active
Being_costs_for_Active,For_being_Costs_active,being_costs_for_Active,for_being_Costs_active
Being_costs_for_active,For_being_active_Costs,being_costs_for_active,for_being_active_Costs
Being_costs_operative,For_being_active_costs,being_costs_operative,for_being_active_costs
Being_for_Active_Costs,For_being_costs_Active,being_for_Active_Costs,for_being_costs_Active
Being_for_Active_costs,For_being_costs_active,being_for_Active_costs,for_being_costs_active
Being_for_Costs_Active,For_costs_Active_Being,being_for_Costs_Active,for_costs_Active_Being
Being_for_Costs_active,For_costs_Active_being,being_for_Costs_active,for_costs_Active_being
Being_for_active_Costs,For_costs_Being_Active,being_for_active_Costs,for_costs_Being_Active
Being_for_active_costs,For_costs_Being_active,being_for_active_costs,for_costs_Being_active
Being_for_costs_Active,For_costs_active_Being,being_for_costs_Active,for_costs_active_Being
Being_for_costs_active,For_costs_active_being,being_for_costs_active,for_costs_active_being
Being_operative_Costs,For_costs_being_Active,being_operative_Costs,for_costs_being_Active
Being_operative_costs,For_costs_being_active,being_operative_costs,for_costs_being_active
By Costs Stand,Operative Being Costs,by Costs Stand,operative Being Costs
By Costs stand,Operative Being costs,by Costs stand,operative Being costs
By Stand Costs,Operative Costs Being,by Stand Costs,operative Costs Being
By Stand costs,Operative Costs being,by Stand costs,operative Costs being
By costs Stand,Operative being Costs,by costs Stand,operative being Costs
By costs stand,Operative being costs,by costs stand,operative being costs
By stand Costs,Operative costs Being,by stand Costs,operative costs Being
By stand costs,Operative costs being,by stand costs,operative costs being
By_Costs_Stand,Operative_Being_Costs,by_Costs_Stand,operative_Being_Costs
By_Costs_stand,Operative_Being_costs,by_Costs_stand,operative_Being_costs
By_Stand_Costs,Operative_Costs_Being,by_Stand_Costs,operative_Costs_Being
By_Stand_costs,Operative_Costs_being,by_Stand_costs,operative_Costs_being
By_costs_Stand,Operative_being_Costs,by_costs_Stand,operative_being_Costs
By_costs_stand,Operative_being_costs,by_costs_stand,operative_being_costs
By_stand_Costs,Operative_costs_Being,by_stand_Costs,operative_costs_Being
By_stand_costs,Operative_costs_being,by_stand_costs,operative_costs_being
Costs Active Being For,Stand By Costs,costs Active Being For,stand By Costs
Costs Active Being for,Stand By costs,costs Active Being for,stand By costs
Costs Active For Being,Stand Costs By,costs Active For Being,stand Costs By
Costs Active For being,Stand Costs by,costs Active For being,stand Costs by
Costs Active being For,Stand by Costs,costs Active being For,stand by Costs
Costs Active being for,Stand by costs,costs Active being for,stand by costs
Costs Active for Being,Stand costs By,costs Active for Being,stand costs By
Costs Active for being,Stand costs by,costs Active for being,stand costs by
Costs Activity,Stand_By_Costs,costs Activity,stand_By_Costs
Costs Being Active For,Stand_By_costs,costs Being Active For,stand_By_costs
Costs Being Active for,Stand_Costs_By,costs Being Active for,stand_Costs_By
Costs Being For Active,Stand_Costs_by,costs Being For Active,stand_Costs_by
Costs Being For active,Stand_by_Costs,costs Being For active,stand_by_Costs
Costs Being Operative,Stand_by_costs,costs Being Operative,stand_by_costs
Costs Being active For,Stand_costs_By,costs Being active For,stand_costs_By
Costs Being active for,Stand_costs_by,costs Being active for,stand_costs_by
