2 Power Power,Electro chemical Storage,Storage_chemical_electro,electro_Storage_Chemical
2 Power power,Electro chemical storage,Storage_electro_Chemical,electro_Storage_chemical
2 power Power,Electro storage Chemical,Storage_electro_chemical,electro_chemical_Storage
2 power power,Electro storage chemical,accu,electro_chemical_storage
2_Power_Power,Electro_Chemical_Storage,accumulator,electro_storage_Chemical
2_Power_power,Electro_Chemical_storage,battery,electro_storage_chemical
2_power_Power,Electro_Storage_Chemical,chemical Electro Storage,power 2 Power
2_power_power,Electro_Storage_chemical,chemical Electro storage,power 2 power
Accu,Electro_chemical_Storage,chemical Storage Electro,power Power 2
Accumulator,Electro_chemical_storage,chemical Storage electro,power power 2
Battery,Electro_storage_Chemical,chemical electro Storage,power_2_Power
Chemical Electro Storage,Electro_storage_chemical,chemical electro storage,power_2_power
Chemical Electro storage,Power 2 Power,chemical storage Electro,power_Power_2
Chemical Storage Electro,Power 2 power,chemical storage electro,power_power_2
Chemical Storage electro,Power Power 2,chemical_Electro_Storage,storage Chemical Electro
Chemical electro Storage,Power power 2,chemical_Electro_storage,storage Chemical electro
Chemical electro storage,Power_2_Power,chemical_Storage_Electro,storage Electro Chemical
Chemical storage Electro,Power_2_power,chemical_Storage_electro,storage Electro chemical
Chemical storage electro,Power_Power_2,chemical_electro_Storage,storage chemical Electro
Chemical_Electro_Storage,Power_power_2,chemical_electro_storage,storage chemical electro
Chemical_Electro_storage,Storage Chemical Electro,chemical_storage_Electro,storage electro Chemical
Chemical_Storage_Electro,Storage Chemical electro,chemical_storage_electro,storage electro chemical
Chemical_Storage_electro,Storage Electro Chemical,ecs,storage_Chemical_Electro
Chemical_electro_Storage,Storage Electro chemical,electro Chemical Storage,storage_Chemical_electro
Chemical_electro_storage,Storage chemical Electro,electro Chemical storage,storage_Electro_Chemical
Chemical_storage_Electro,Storage chemical electro,electro Storage Chemical,storage_Electro_chemical
Chemical_storage_electro,Storage electro Chemical,electro Storage chemical,storage_chemical_Electro
ECS,Storage electro chemical,electro chemical Storage,storage_chemical_electro
Ecs,Storage_Chemical_Electro,electro chemical storage,storage_electro_Chemical
Electro Chemical Storage,Storage_Chemical_electro,electro storage Chemical,storage_electro_chemical
Electro Chemical storage,Storage_Electro_Chemical,electro storage chemical,
Electro Storage Chemical,Storage_Electro_chemical,electro_Chemical_Storage,
Electro Storage chemical,Storage_chemical_Electro,electro_Chemical_storage,
