CO2,Dioxide emissions carbon,Emissions_dioxide_carbon,dioxide_Carbon_emissions
CO2 Emissions,Dioxide_Carbon_Emissions,carbon Dioxide Emissions,dioxide_Emissions_Carbon
CO2_Emissions,Dioxide_Carbon_emissions,carbon Dioxide emissions,dioxide_Emissions_carbon
Carbon Dioxide Emissions,Dioxide_Emissions_Carbon,carbon Emissions Dioxide,dioxide_carbon_Emissions
Carbon Dioxide emissions,Dioxide_Emissions_carbon,carbon Emissions dioxide,dioxide_carbon_emissions
Carbon Emissions Dioxide,Dioxide_carbon_Emissions,carbon dioxide Emissions,dioxide_emissions_Carbon
Carbon Emissions dioxide,Dioxide_carbon_emissions,carbon dioxide emissions,dioxide_emissions_carbon
Carbon dioxide Emissions,Dioxide_emissions_Carbon,carbon emissions Dioxide,emissions
Carbon dioxide emissions,Dioxide_emissions_carbon,carbon emissions dioxide,emissions Carbon Dioxide
Carbon emissions Dioxide,Emissions,carbon_Dioxide_Emissions,emissions Carbon dioxide
Carbon emissions dioxide,Emissions CO2,carbon_Dioxide_emissions,emissions Co2
Carbon_Dioxide_Emissions,Emissions Carbon Dioxide,carbon_Emissions_Dioxide,emissions Dioxide Carbon
Carbon_Dioxide_emissions,Emissions Carbon dioxide,carbon_Emissions_dioxide,emissions Dioxide carbon
Carbon_Emissions_Dioxide,Emissions Co2,carbon_dioxide_Emissions,emissions carbon Dioxide
Carbon_Emissions_dioxide,Emissions Dioxide Carbon,carbon_dioxide_emissions,emissions carbon dioxide
Carbon_dioxide_Emissions,Emissions Dioxide carbon,carbon_emissions_Dioxide,emissions co2
Carbon_dioxide_emissions,Emissions carbon Dioxide,carbon_emissions_dioxide,emissions dioxide Carbon
Carbon_emissions_Dioxide,Emissions carbon dioxide,co2,emissions dioxide carbon
Carbon_emissions_dioxide,Emissions co2,co2 Emissions,emissions_Carbon_Dioxide
Co2,Emissions dioxide Carbon,co2 emissions,emissions_Carbon_dioxide
Co2 Emissions,Emissions dioxide carbon,co2_Emissions,emissions_Co2
Co2 emissions,Emissions_CO2,co2_emissions,emissions_Dioxide_Carbon
Co2_Emissions,Emissions_Carbon_Dioxide,dioxide Carbon Emissions,emissions_Dioxide_carbon
Co2_emissions,Emissions_Carbon_dioxide,dioxide Carbon emissions,emissions_carbon_Dioxide
Dioxide Carbon Emissions,Emissions_Co2,dioxide Emissions Carbon,emissions_carbon_dioxide
Dioxide Carbon emissions,Emissions_Dioxide_Carbon,dioxide Emissions carbon,emissions_co2
Dioxide Emissions Carbon,Emissions_Dioxide_carbon,dioxide carbon Emissions,emissions_dioxide_Carbon
Dioxide Emissions carbon,Emissions_carbon_Dioxide,dioxide carbon emissions,emissions_dioxide_carbon
Dioxide carbon Emissions,Emissions_carbon_dioxide,dioxide emissions Carbon,
Dioxide carbon emissions,Emissions_co2,dioxide emissions carbon,
Dioxide emissions Carbon,Emissions_dioxide_Carbon,dioxide_Carbon_Emissions,
