Actual Value,Set_Value_Exogenously,actual value,set_Value_Externally
Actual value,Set_Value_Externally,actual_Value,set_Value_exogenously
Actual_Value,Set_Value_exogenously,actual_value,set_Value_externally
Actual_value,Set_Value_externally,exogenously Set Value,set_exogenously_Value
Exogenously Set Value,Set_exogenously_Value,exogenously Set value,set_exogenously_value
Exogenously Set value,Set_exogenously_value,exogenously Value Set,set_externally_Value
Exogenously Value Set,Set_externally_Value,exogenously Value set,set_externally_value
Exogenously Value set,Set_externally_value,exogenously set Value,set_value_Exogenously
Exogenously set Value,Set_value_Exogenously,exogenously set value,set_value_Externally
Exogenously set value,Set_value_Externally,exogenously value Set,set_value_exogenously
Exogenously value Set,Set_value_exogenously,exogenously value set,set_value_externally
Exogenously value set,Set_value_externally,exogenously_Set_Value,timeseries External
Exogenously_Set_Value,Timeseries External,exogenously_Set_value,timeseries Value
Exogenously_Set_value,Timeseries Value,exogenously_Value_Set,timeseries external
Exogenously_Value_Set,Timeseries external,exogenously_Value_set,timeseries value
Exogenously_Value_set,Timeseries value,exogenously_set_Value,timeseries_External
Exogenously_set_Value,Timeseries_External,exogenously_set_value,timeseries_Value
Exogenously_set_value,Timeseries_Value,exogenously_value_Set,timeseries_external
Exogenously_value_Set,Timeseries_external,exogenously_value_set,timeseries_value
Exogenously_value_set,Timeseries_value,external Timeseries,value Actual
External Timeseries,Value Actual,external timeseries,value Exogenously Set
External timeseries,Value Exogenously Set,external_Timeseries,value Exogenously set
External_Timeseries,Value Exogenously set,external_timeseries,value Externally Set
External_timeseries,Value Externally Set,externally Set Value,value Externally set
Externally Set Value,Value Externally set,externally Set value,value Set Exogenously
Externally Set value,Value Set Exogenously,externally Value Set,value Set Externally
Externally Value Set,Value Set Externally,externally Value set,value Set exogenously
Externally Value set,Value Set exogenously,externally set Value,value Set externally
Externally set Value,Value Set externally,externally set value,value Timeseries
Externally set value,Value Timeseries,externally value Set,value actual
Externally value Set,Value actual,externally value set,value exogenously Set
Externally value set,Value exogenously Set,externally_Set_Value,value exogenously set
Externally_Set_Value,Value exogenously set,externally_Set_value,value externally Set
Externally_Set_value,Value externally Set,externally_Value_Set,value externally set
Externally_Value_Set,Value externally set,externally_Value_set,value set Exogenously
Externally_Value_set,Value set Exogenously,externally_set_Value,value set Externally
Externally_set_Value,Value set Externally,externally_set_value,value set exogenously
Externally_set_value,Value set exogenously,externally_value_Set,value set externally
Externally_value_Set,Value set externally,externally_value_set,value timeseries
Externally_value_set,Value timeseries,fix,value_Actual
Fix,Value_Actual,set Exogenously Value,value_Exogenously_Set
Set Exogenously Value,Value_Exogenously_Set,set Exogenously value,value_Exogenously_set
Set Exogenously value,Value_Exogenously_set,set Externally Value,value_Externally_Set
Set Externally Value,Value_Externally_Set,set Externally value,value_Externally_set
Set Externally value,Value_Externally_set,set Value Exogenously,value_Set_Exogenously
Set Value Exogenously,Value_Set_Exogenously,set Value Externally,value_Set_Externally
Set Value Externally,Value_Set_Externally,set Value exogenously,value_Set_exogenously
Set Value exogenously,Value_Set_exogenously,set Value externally,value_Set_externally
Set Value externally,Value_Set_externally,set exogenously Value,value_Timeseries
Set exogenously Value,Value_Timeseries,set exogenously value,value_actual
Set exogenously value,Value_actual,set externally Value,value_exogenously_Set
Set externally Value,Value_exogenously_Set,set externally value,value_exogenously_set
Set externally value,Value_exogenously_set,set value Exogenously,value_externally_Set
Set value Exogenously,Value_externally_Set,set value Externally,value_externally_set
Set value Externally,Value_externally_set,set value exogenously,value_set_Exogenously
Set value exogenously,Value_set_Exogenously,set value externally,value_set_Externally
Set value externally,Value_set_Externally,set_Exogenously_Value,value_set_exogenously
Set_Exogenously_Value,Value_set_exogenously,set_Exogenously_value,value_set_externally
Set_Exogenously_value,Value_set_externally,set_Externally_Value,value_timeseries
Set_Externally_Value,Value_timeseries,set_Externally_value,
Set_Externally_value,actual Value,set_Value_Exogenously,
