Gas Grid,Grid gas,gas Line,grid_Gas
Gas Line,Grid_Gas,gas Network,grid_gas
Gas Network,Grid_gas,gas Pipeline,line Gas
Gas Pipeline,Line Gas,gas grid,line gas
Gas grid,Line gas,gas line,line_Gas
Gas line,Line_Gas,gas network,line_gas
Gas network,Line_gas,gas pipeline,network Gas
Gas pipeline,Network Gas,gas_Grid,network gas
Gas_Grid,Network gas,gas_Line,network_Gas
Gas_Line,Network_Gas,gas_Network,network_gas
Gas_Network,Network_gas,gas_Pipeline,pipeline
Gas_Pipeline,Pipeline,gas_grid,pipeline Gas
Gas_grid,Pipeline Gas,gas_line,pipeline gas
Gas_line,Pipeline gas,gas_network,pipeline_Gas
Gas_network,Pipeline_Gas,gas_pipeline,pipeline_gas
Gas_pipeline,Pipeline_gas,grid Gas,
Grid Gas,gas Grid,grid gas,
