Delivery Gas,Gas_Transportation,delivery Gas,gas_Transportation
Delivery gas,Gas_delivery,delivery gas,gas_delivery
Delivery_Gas,Gas_transport,delivery_Gas,gas_transport
Delivery_gas,Gas_transportation,delivery_gas,gas_transportation
Gas Delivery,Transport Gas,gas Delivery,transport Gas
Gas Transport,Transport gas,gas Transport,transport gas
Gas Transportation,Transport_Gas,gas Transportation,transport_Gas
Gas delivery,Transport_gas,gas delivery,transport_gas
Gas transport,Transportation Gas,gas transport,transportation Gas
Gas transportation,Transportation gas,gas transportation,transportation gas
Gas_Delivery,Transportation_Gas,gas_Delivery,transportation_Gas
Gas_Transport,Transportation_gas,gas_Transport,transportation_gas
