connection 0,connection_in 0,in 0,incoming 0,input 0,inputs 0
connection 1,connection_in 1,in 1,incoming 1,input 1,inputs 1
connection 2,connection_in 2,in 2,incoming 2,input 2,inputs 2
connection 3,connection_in 3,in 3,incoming 3,input 3,inputs 3
connection 4,connection_in 4,in 4,incoming 4,input 4,inputs 4
connection 5,connection_in 5,in 5,incoming 5,input 5,inputs 5
connection 6,connection_in 6,in 6,incoming 6,input 6,inputs 6
connection 7,connection_in 7,in 7,incoming 7,input 7,inputs 7
connection 8,connection_in 8,in 8,incoming 8,input 8,inputs 8
connection 9,connection_in 9,in 9,incoming 9,input 9,inputs 9
connection0,connection_in0,in0,incoming0,input0,inputs0
connection1,connection_in1,in1,incoming1,input1,inputs1
connection2,connection_in2,in2,incoming2,input2,inputs2
connection3,connection_in3,in3,incoming3,input3,inputs3
connection4,connection_in4,in4,incoming4,input4,inputs4
connection5,connection_in5,in5,incoming5,input5,inputs5
connection6,connection_in6,in6,incoming6,input6,inputs6
connection7,connection_in7,in7,incoming7,input7,inputs7
connection8,connection_in8,in8,incoming8,input8,inputs8
connection9,connection_in9,in9,incoming9,input9,inputs9
connection_0,connection_in_0,in_0,incoming_0,input_0,inputs_0
connection_1,connection_in_1,in_1,incoming_1,input_1,inputs_1
connection_2,connection_in_2,in_2,incoming_2,input_2,inputs_2
connection_3,connection_in_3,in_3,incoming_3,input_3,inputs_3
connection_4,connection_in_4,in_4,incoming_4,input_4,inputs_4
connection_5,connection_in_5,in_5,incoming_5,input_5,inputs_5
connection_6,connection_in_6,in_6,incoming_6,input_6,inputs_6
connection_7,connection_in_7,in_7,incoming_7,input_7,inputs_7
connection_8,connection_in_8,in_8,incoming_8,input_8,inputs_8
connection_9,connection_in_9,in_9,incoming_9,input_9,inputs_9
