Capacity Installed,Installed_Capacity,capacity Installed,installed_Capacity
Capacity Net,Installed_Net,capacity Net,installed_Net
Capacity installed,Installed_capacity,capacity installed,installed_capacity
Capacity net,Installed_net,capacity net,installed_net
Capacity_Installed,Net Capacity,capacity_Installed,net Capacity
Capacity_Net,Net Installed,capacity_Net,net Installed
Capacity_installed,Net capacity,capacity_installed,net capacity
Capacity_net,Net installed,capacity_net,net installed
Installed Capacity,Net_Capacity,installed Capacity,net_Capacity
Installed Net,Net_Installed,installed Net,net_Installed
Installed capacity,Net_capacity,installed capacity,net_capacity
Installed net,Net_installed,installed net,net_installed
