Integer Linear Mixed,Milp Problem,integer Linear Mixed,milp Problem
Integer Linear mixed,Milp problem,integer Linear mixed,milp problem
Integer Mixed Linear,Milp_Problem,integer Mixed Linear,milp_Problem
Integer Mixed linear,Milp_problem,integer Mixed linear,milp_problem
Integer linear Mixed,Mixed Integer Linear,integer linear Mixed,mixed Integer Linear
Integer linear mixed,Mixed Integer linear,integer linear mixed,mixed Integer linear
Integer mixed Linear,Mixed Linear Integer,integer mixed Linear,mixed Linear Integer
Integer mixed linear,Mixed Linear integer,integer mixed linear,mixed Linear integer
Integer_Linear_Mixed,Mixed integer Linear,integer_Linear_Mixed,mixed integer Linear
Integer_Linear_mixed,Mixed integer linear,integer_Linear_mixed,mixed integer linear
Integer_Mixed_Linear,Mixed linear Integer,integer_Mixed_Linear,mixed linear Integer
Integer_Mixed_linear,Mixed linear integer,integer_Mixed_linear,mixed linear integer
Integer_linear_Mixed,Mixed_Integer_Linear,integer_linear_Mixed,mixed_Integer_Linear
Integer_linear_mixed,Mixed_Integer_linear,integer_linear_mixed,mixed_Integer_linear
Integer_mixed_Linear,Mixed_Linear_Integer,integer_mixed_Linear,mixed_Linear_Integer
Integer_mixed_linear,Mixed_Linear_integer,integer_mixed_linear,mixed_Linear_integer
Linear Integer Mixed,Mixed_integer_Linear,linear Integer Mixed,mixed_integer_Linear
Linear Integer mixed,Mixed_integer_linear,linear Integer mixed,mixed_integer_linear
Linear Mixed Integer,Mixed_linear_Integer,linear Mixed Integer,mixed_linear_Integer
Linear Mixed integer,Mixed_linear_integer,linear Mixed integer,mixed_linear_integer
Linear integer Mixed,Nonconvex,linear integer Mixed,nonconvex
Linear integer mixed,Nonconvex Problem,linear integer mixed,nonconvex Problem
Linear mixed Integer,Nonconvex problem,linear mixed Integer,nonconvex problem
Linear mixed integer,Nonconvex_Problem,linear mixed integer,nonconvex_Problem
Linear_Integer_Mixed,Nonconvex_problem,linear_Integer_Mixed,nonconvex_problem
Linear_Integer_mixed,Problem Milp,linear_Integer_mixed,problem Milp
Linear_Mixed_Integer,Problem Nonconvex,linear_Mixed_Integer,problem Nonconvex
Linear_Mixed_integer,Problem milp,linear_Mixed_integer,problem milp
Linear_integer_Mixed,Problem nonconvex,linear_integer_Mixed,problem nonconvex
Linear_integer_mixed,Problem_Milp,linear_integer_mixed,problem_Milp
Linear_mixed_Integer,Problem_Nonconvex,linear_mixed_Integer,problem_Nonconvex
Linear_mixed_integer,Problem_milp,linear_mixed_integer,problem_milp
Milp,Problem_nonconvex,milp,problem_nonconvex
