Minimum Running Time,Running_Minimum_Time,minimum Running Time,running_Minimum_Time
Minimum Running time,Running_Minimum_time,minimum Running time,running_Minimum_time
Minimum Time Running,Running_Time_Minimum,minimum Time Running,running_Time_Minimum
Minimum Time running,Running_Time_minimum,minimum Time running,running_Time_minimum
Minimum Uptime,Running_minimum_Time,minimum Uptime,running_minimum_Time
Minimum running Time,Running_minimum_time,minimum running Time,running_minimum_time
Minimum running time,Running_time_Minimum,minimum running time,running_time_Minimum
Minimum time Running,Running_time_minimum,minimum time Running,running_time_minimum
Minimum time running,Time Minimum Running,minimum time running,time Minimum Running
Minimum uptime,Time Minimum running,minimum uptime,time Minimum running
Minimum_Running_Time,Time Running Minimum,minimum_Running_Time,time Running Minimum
Minimum_Running_time,Time Running minimum,minimum_Running_time,time Running minimum
Minimum_Time_Running,Time minimum Running,minimum_Time_Running,time minimum Running
Minimum_Time_running,Time minimum running,minimum_Time_running,time minimum running
Minimum_Uptime,Time running Minimum,minimum_Uptime,time running Minimum
Minimum_running_Time,Time running minimum,minimum_running_Time,time running minimum
Minimum_running_time,Time_Minimum_Running,minimum_running_time,time_Minimum_Running
Minimum_time_Running,Time_Minimum_running,minimum_time_Running,time_Minimum_running
Minimum_time_running,Time_Running_Minimum,minimum_time_running,time_Running_Minimum
Minimum_uptime,Time_Running_minimum,minimum_uptime,time_Running_minimum
Running Minimum Time,Time_minimum_Running,running Minimum Time,time_minimum_Running
Running Minimum time,Time_minimum_running,running Minimum time,time_minimum_running
Running Time Minimum,Time_running_Minimum,running Time Minimum,time_running_Minimum
Running Time minimum,Time_running_minimum,running Time minimum,time_running_minimum
Running minimum Time,Uptime Minimum,running minimum Time,uptime Minimum
Running minimum time,Uptime minimum,running minimum time,uptime minimum
Running time Minimum,Uptime_Minimum,running time Minimum,uptime_Minimum
Running time minimum,Uptime_minimum,running time minimum,uptime_minimum
