Apts Minimum,Minimum value,apts minimum,minimum_Apts
Apts minimum,Minimum_Apts,apts_Minimum,minimum_Value
Apts_Minimum,Minimum_Value,apts_minimum,minimum_apts
Apts_minimum,Minimum_apts,min,minimum_value
Min,Minimum_value,min Value,value Min
Min Value,Value Min,min value,value Minimal
Min value,Value Minimal,min_Value,value Minimum
Min_Value,Value Minimum,min_value,value min
Min_value,Value min,minimal,value minimal
Minimal,Value minimal,minimal Value,value minimum
Minimal Value,Value minimum,minimal value,value_Min
Minimal value,Value_Min,minimal_Value,value_Minimal
Minimal_Value,Value_Minimal,minimal_value,value_Minimum
Minimal_value,Value_Minimum,minimum,value_min
Minimum,Value_min,minimum Apts,value_minimal
Minimum Apts,Value_minimal,minimum Value,value_minimum
Minimum Value,Value_minimum,minimum apts,
Minimum apts,apts Minimum,minimum value,
