Expansion Minimum,Min Invest,expansion Minimum,min Invest
Expansion minimum,Min invest,expansion minimum,min invest
Expansion_Minimum,Min_Invest,expansion_Minimum,min_Invest
Expansion_minimum,Min_invest,expansion_minimum,min_invest
Invest Min,Minimum Expansion,invest Min,minimum Expansion
Invest Minimum,Minimum Invest,invest Minimum,minimum Invest
Invest min,Minimum Investment,invest min,minimum Investment
Invest minimum,Minimum expansion,invest minimum,minimum expansion
Invest_Min,Minimum invest,invest_Min,minimum invest
Invest_Minimum,Minimum investment,invest_Minimum,minimum investment
Invest_min,Minimum_Expansion,invest_min,minimum_Expansion
Invest_minimum,Minimum_Invest,invest_minimum,minimum_Invest
Investment Minimum,Minimum_Investment,investment Minimum,minimum_Investment
Investment minimum,Minimum_expansion,investment minimum,minimum_expansion
Investment_Minimum,Minimum_invest,investment_Minimum,minimum_invest
Investment_minimum,Minimum_investment,investment_minimum,minimum_investment
