Flg Losses Min,Losses_Flg_Min,flg Losses Min,losses_Flg_Min
Flg Losses min,Losses_Flg_min,flg Losses min,losses_Flg_min
Flg Min Losses,Losses_Fuelgas_Min,flg Min Losses,losses_Fuelgas_Min
Flg Min losses,Losses_Fuelgas_Minimum,flg Min losses,losses_Fuelgas_Minimum
Flg losses Min,Losses_Fuelgas_min,flg losses Min,losses_Fuelgas_min
Flg losses min,Losses_Fuelgas_minimum,flg losses min,losses_Fuelgas_minimum
Flg min Losses,Losses_Min_Flg,flg min Losses,losses_Min_Flg
Flg min losses,Losses_Min_Fuelgas,flg min losses,losses_Min_Fuelgas
Flg_Losses_Min,Losses_Min_flg,flg_Losses_Min,losses_Min_flg
Flg_Losses_min,Losses_Min_fuelgas,flg_Losses_min,losses_Min_fuelgas
Flg_Min_Losses,Losses_Minimum_Fuelgas,flg_Min_Losses,losses_Minimum_Fuelgas
Flg_Min_losses,Losses_Minimum_fuelgas,flg_Min_losses,losses_Minimum_fuelgas
Flg_losses_Min,Losses_flg_Min,flg_losses_Min,losses_flg_Min
Flg_losses_min,Losses_flg_min,flg_losses_min,losses_flg_min
Flg_min_Losses,Losses_fuelgas_Min,flg_min_Losses,losses_fuelgas_Min
Flg_min_losses,Losses_fuelgas_Minimum,flg_min_losses,losses_fuelgas_Minimum
Fuelgas Losses Min,Losses_fuelgas_min,fuelgas Losses Min,losses_fuelgas_min
Fuelgas Losses Minimum,Losses_fuelgas_minimum,fuelgas Losses Minimum,losses_fuelgas_minimum
Fuelgas Losses min,Losses_min_Flg,fuelgas Losses min,losses_min_Flg
Fuelgas Losses minimum,Losses_min_Fuelgas,fuelgas Losses minimum,losses_min_Fuelgas
Fuelgas Min Losses,Losses_min_flg,fuelgas Min Losses,losses_min_flg
Fuelgas Min losses,Losses_min_fuelgas,fuelgas Min losses,losses_min_fuelgas
Fuelgas Minimum Losses,Losses_minimum_Fuelgas,fuelgas Minimum Losses,losses_minimum_Fuelgas
Fuelgas Minimum losses,Losses_minimum_fuelgas,fuelgas Minimum losses,losses_minimum_fuelgas
Fuelgas losses Min,Min Flg Losses,fuelgas losses Min,min Flg Losses
Fuelgas losses Minimum,Min Flg losses,fuelgas losses Minimum,min Flg losses
Fuelgas losses min,Min Fuelgas Losses,fuelgas losses min,min Fuelgas Losses
Fuelgas losses minimum,Min Fuelgas losses,fuelgas losses minimum,min Fuelgas losses
Fuelgas min Losses,Min Losses Flg,fuelgas min Losses,min Losses Flg
Fuelgas min losses,Min Losses Fuelgas,fuelgas min losses,min Losses Fuelgas
Fuelgas minimum Losses,Min Losses flg,fuelgas minimum Losses,min Losses flg
Fuelgas minimum losses,Min Losses fuelgas,fuelgas minimum losses,min Losses fuelgas
Fuelgas_Losses_Min,Min flg Losses,fuelgas_Losses_Min,min flg Losses
Fuelgas_Losses_Minimum,Min flg losses,fuelgas_Losses_Minimum,min flg losses
Fuelgas_Losses_min,Min fuelgas Losses,fuelgas_Losses_min,min fuelgas Losses
Fuelgas_Losses_minimum,Min fuelgas losses,fuelgas_Losses_minimum,min fuelgas losses
Fuelgas_Min_Losses,Min losses Flg,fuelgas_Min_Losses,min losses Flg
Fuelgas_Min_losses,Min losses Fuelgas,fuelgas_Min_losses,min losses Fuelgas
Fuelgas_Minimum_Losses,Min losses flg,fuelgas_Minimum_Losses,min losses flg
Fuelgas_Minimum_losses,Min losses fuelgas,fuelgas_Minimum_losses,min losses fuelgas
Fuelgas_losses_Min,Min_Flg_Losses,fuelgas_losses_Min,min_Flg_Losses
Fuelgas_losses_Minimum,Min_Flg_losses,fuelgas_losses_Minimum,min_Flg_losses
Fuelgas_losses_min,Min_Fuelgas_Losses,fuelgas_losses_min,min_Fuelgas_Losses
Fuelgas_losses_minimum,Min_Fuelgas_losses,fuelgas_losses_minimum,min_Fuelgas_losses
Fuelgas_min_Losses,Min_Losses_Flg,fuelgas_min_Losses,min_Losses_Flg
Fuelgas_min_losses,Min_Losses_Fuelgas,fuelgas_min_losses,min_Losses_Fuelgas
Fuelgas_minimum_Losses,Min_Losses_flg,fuelgas_minimum_Losses,min_Losses_flg
Fuelgas_minimum_losses,Min_Losses_fuelgas,fuelgas_minimum_losses,min_Losses_fuelgas
Losses Flg Min,Min_flg_Losses,losses Flg Min,min_flg_Losses
Losses Flg min,Min_flg_losses,losses Flg min,min_flg_losses
Losses Fuelgas Min,Min_fuelgas_Losses,losses Fuelgas Min,min_fuelgas_Losses
Losses Fuelgas Minimum,Min_fuelgas_losses,losses Fuelgas Minimum,min_fuelgas_losses
Losses Fuelgas min,Min_losses_Flg,losses Fuelgas min,min_losses_Flg
Losses Fuelgas minimum,Min_losses_Fuelgas,losses Fuelgas minimum,min_losses_Fuelgas
Losses Min Flg,Min_losses_flg,losses Min Flg,min_losses_flg
Losses Min Fuelgas,Min_losses_fuelgas,losses Min Fuelgas,min_losses_fuelgas
Losses Min flg,Minimum Fuelgas Losses,losses Min flg,minimum Fuelgas Losses
Losses Min fuelgas,Minimum Fuelgas losses,losses Min fuelgas,minimum Fuelgas losses
Losses Minimum Fuelgas,Minimum Losses Fuelgas,losses Minimum Fuelgas,minimum Losses Fuelgas
Losses Minimum fuelgas,Minimum Losses fuelgas,losses Minimum fuelgas,minimum Losses fuelgas
Losses flg Min,Minimum fuelgas Losses,losses flg Min,minimum fuelgas Losses
Losses flg min,Minimum fuelgas losses,losses flg min,minimum fuelgas losses
Losses fuelgas Min,Minimum losses Fuelgas,losses fuelgas Min,minimum losses Fuelgas
Losses fuelgas Minimum,Minimum losses fuelgas,losses fuelgas Minimum,minimum losses fuelgas
Losses fuelgas min,Minimum_Fuelgas_Losses,losses fuelgas min,minimum_Fuelgas_Losses
Losses fuelgas minimum,Minimum_Fuelgas_losses,losses fuelgas minimum,minimum_Fuelgas_losses
Losses min Flg,Minimum_Losses_Fuelgas,losses min Flg,minimum_Losses_Fuelgas
Losses min Fuelgas,Minimum_Losses_fuelgas,losses min Fuelgas,minimum_Losses_fuelgas
Losses min flg,Minimum_fuelgas_Losses,losses min flg,minimum_fuelgas_Losses
Losses min fuelgas,Minimum_fuelgas_losses,losses min fuelgas,minimum_fuelgas_losses
Losses minimum Fuelgas,Minimum_losses_Fuelgas,losses minimum Fuelgas,minimum_losses_Fuelgas
Losses minimum fuelgas,Minimum_losses_fuelgas,losses minimum fuelgas,minimum_losses_fuelgas
