Downtime Minimum,Off minimum Time,downtime Minimum,off minimum Time
Downtime minimum,Off minimum time,downtime minimum,off minimum time
Downtime_Minimum,Off time Minimum,downtime_Minimum,off time Minimum
Downtime_minimum,Off time minimum,downtime_minimum,off time minimum
Minimum Downtime,Off_Minimum_Time,minimum Downtime,off_Minimum_Time
Minimum Off Time,Off_Minimum_time,minimum Off Time,off_Minimum_time
Minimum Off time,Off_Time_Minimum,minimum Off time,off_Time_Minimum
Minimum Time Off,Off_Time_minimum,minimum Time Off,off_Time_minimum
Minimum Time off,Off_minimum_Time,minimum Time off,off_minimum_Time
Minimum downtime,Off_minimum_time,minimum downtime,off_minimum_time
Minimum off Time,Off_time_Minimum,minimum off Time,off_time_Minimum
Minimum off time,Off_time_minimum,minimum off time,off_time_minimum
Minimum time Off,Time Minimum Off,minimum time Off,time Minimum Off
Minimum time off,Time Minimum off,minimum time off,time Minimum off
Minimum_Downtime,Time Off Minimum,minimum_Downtime,time Off Minimum
Minimum_Off_Time,Time Off minimum,minimum_Off_Time,time Off minimum
Minimum_Off_time,Time minimum Off,minimum_Off_time,time minimum Off
Minimum_Time_Off,Time minimum off,minimum_Time_Off,time minimum off
Minimum_Time_off,Time off Minimum,minimum_Time_off,time off Minimum
Minimum_downtime,Time off minimum,minimum_downtime,time off minimum
Minimum_off_Time,Time_Minimum_Off,minimum_off_Time,time_Minimum_Off
Minimum_off_time,Time_Minimum_off,minimum_off_time,time_Minimum_off
Minimum_time_Off,Time_Off_Minimum,minimum_time_Off,time_Off_Minimum
Minimum_time_off,Time_Off_minimum,minimum_time_off,time_Off_minimum
Off Minimum Time,Time_minimum_Off,off Minimum Time,time_minimum_Off
Off Minimum time,Time_minimum_off,off Minimum time,time_minimum_off
Off Time Minimum,Time_off_Minimum,off Time Minimum,time_off_Minimum
Off Time minimum,Time_off_minimum,off Time minimum,time_off_minimum
