CO2 Emissions Outflow,Carbon_Outflow_Emissions_Dioxide,Dioxide carbon emissions Outflow,Emissions Co2 Outflow,Emissions_Outflow_Dioxide_carbon,Outflow co2 Emissions,Outflow_emissions_Dioxide_carbon,carbon_dioxide_Emissions_Outflow,dioxide emissions Outflow Carbon,emissions Dioxide outflow Carbon,emissions_carbon_outflow_dioxide,outflow emissions Dioxide Carbon
CO2 Emissions outflow,Carbon_Outflow_Emissions_dioxide,Dioxide carbon emissions outflow,Emissions Co2 outflow,Emissions_Outflow_carbon_Dioxide,Outflow co2 emissions,Outflow_emissions_carbon_Dioxide,carbon_dioxide_Emissions_outflow,dioxide emissions Outflow carbon,emissions Dioxide outflow carbon,emissions_co2_Outflow,outflow emissions Dioxide carbon
CO2 Outflow,Carbon_Outflow_dioxide_Emissions,Dioxide carbon outflow Emissions,Emissions Dioxide Carbon Outflow,Emissions_Outflow_carbon_dioxide,Outflow dioxide Carbon Emissions,Outflow_emissions_carbon_dioxide,carbon_dioxide_Outflow_Emissions,dioxide emissions carbon Outflow,emissions Outflow,emissions_co2_outflow,outflow emissions carbon Dioxide
CO2 Outflow Emissions,Carbon_Outflow_dioxide_emissions,Dioxide carbon outflow emissions,Emissions Dioxide Carbon outflow,Emissions_Outflow_co2,Outflow dioxide Carbon emissions,Outflow_emissions_co2,carbon_dioxide_Outflow_emissions,dioxide emissions carbon outflow,emissions Outflow Carbon Dioxide,emissions_dioxide_Carbon_Outflow,outflow emissions carbon dioxide
CO2 outflow,Carbon_Outflow_emissions_Dioxide,Dioxide emissions Carbon Outflow,Emissions Dioxide Outflow Carbon,Emissions_Outflow_dioxide_Carbon,Outflow dioxide Emissions Carbon,Outflow_emissions_dioxide_Carbon,carbon_dioxide_emissions_Outflow,dioxide emissions outflow Carbon,emissions Outflow Carbon dioxide,emissions_dioxide_Carbon_outflow,outflow emissions co2
CO2 outflow Emissions,Carbon_Outflow_emissions_dioxide,Dioxide emissions Carbon outflow,Emissions Dioxide Outflow carbon,Emissions_Outflow_dioxide_carbon,Outflow dioxide Emissions carbon,Outflow_emissions_dioxide_carbon,carbon_dioxide_emissions_outflow,dioxide emissions outflow carbon,emissions Outflow Co2,emissions_dioxide_Outflow_Carbon,outflow emissions dioxide Carbon
CO2_Emissions_Outflow,Carbon_dioxide_Emissions_Outflow,Dioxide emissions Outflow Carbon,Emissions Dioxide carbon Outflow,Emissions_carbon_Dioxide_Outflow,Outflow dioxide carbon Emissions,carbon Dioxide Emissions Outflow,carbon_dioxide_outflow_Emissions,dioxide outflow Carbon Emissions,emissions Outflow Dioxide Carbon,emissions_dioxide_Outflow_carbon,outflow emissions dioxide carbon
CO2_Emissions_outflow,Carbon_dioxide_Emissions_outflow,Dioxide emissions Outflow carbon,Emissions Dioxide carbon outflow,Emissions_carbon_Dioxide_outflow,Outflow dioxide carbon emissions,carbon Dioxide Emissions outflow,carbon_dioxide_outflow_emissions,dioxide outflow Carbon emissions,emissions Outflow Dioxide carbon,emissions_dioxide_carbon_Outflow,outflow_CO2
CO2_Outflow,Carbon_dioxide_Outflow_Emissions,Dioxide emissions carbon Outflow,Emissions Dioxide outflow Carbon,Emissions_carbon_Outflow_Dioxide,Outflow dioxide emissions Carbon,carbon Dioxide Outflow Emissions,carbon_emissions_Dioxide_Outflow,dioxide outflow Emissions Carbon,emissions Outflow carbon Dioxide,emissions_dioxide_carbon_outflow,outflow_CO2_Emissions
CO2_Outflow_Emissions,Carbon_dioxide_Outflow_emissions,Dioxide emissions carbon outflow,Emissions Dioxide outflow carbon,Emissions_carbon_Outflow_dioxide,Outflow dioxide emissions carbon,carbon Dioxide Outflow emissions,carbon_emissions_Dioxide_outflow,dioxide outflow Emissions carbon,emissions Outflow carbon dioxide,emissions_dioxide_outflow_Carbon,outflow_Carbon_Dioxide_Emissions
CO2_outflow,Carbon_dioxide_emissions_Outflow,Dioxide emissions outflow Carbon,Emissions Outflow,Emissions_carbon_dioxide_Outflow,Outflow emissions,carbon Dioxide emissions Outflow,carbon_emissions_Outflow_Dioxide,dioxide outflow carbon Emissions,emissions Outflow co2,emissions_dioxide_outflow_carbon,outflow_Carbon_Dioxide_emissions
CO2_outflow_Emissions,Carbon_dioxide_emissions_outflow,Dioxide emissions outflow carbon,Emissions Outflow CO2,Emissions_carbon_dioxide_outflow,Outflow emissions Carbon Dioxide,carbon Dioxide emissions outflow,carbon_emissions_Outflow_dioxide,dioxide outflow carbon emissions,emissions Outflow dioxide Carbon,emissions_outflow,outflow_Carbon_Emissions_Dioxide
Carbon Dioxide Emissions Outflow,Carbon_dioxide_outflow_Emissions,Dioxide outflow Carbon Emissions,Emissions Outflow Carbon Dioxide,Emissions_carbon_outflow_Dioxide,Outflow emissions Carbon dioxide,carbon Dioxide outflow Emissions,carbon_emissions_dioxide_Outflow,dioxide outflow emissions Carbon,emissions Outflow dioxide carbon,emissions_outflow_Carbon_Dioxide,outflow_Carbon_Emissions_dioxide
Carbon Dioxide Emissions outflow,Carbon_dioxide_outflow_emissions,Dioxide outflow Carbon emissions,Emissions Outflow Carbon dioxide,Emissions_carbon_outflow_dioxide,Outflow emissions Co2,carbon Dioxide outflow emissions,carbon_emissions_dioxide_outflow,dioxide outflow emissions carbon,emissions carbon Dioxide Outflow,emissions_outflow_Carbon_dioxide,outflow_Carbon_dioxide_Emissions
Carbon Dioxide Outflow Emissions,Carbon_emissions_Dioxide_Outflow,Dioxide outflow Emissions Carbon,Emissions Outflow Co2,Emissions_co2_Outflow,Outflow emissions Dioxide Carbon,carbon Emissions Dioxide Outflow,carbon_emissions_outflow_Dioxide,dioxide_Carbon_Emissions_Outflow,emissions carbon Dioxide outflow,emissions_outflow_Co2,outflow_Carbon_dioxide_emissions
Carbon Dioxide Outflow emissions,Carbon_emissions_Dioxide_outflow,Dioxide outflow Emissions carbon,Emissions Outflow Dioxide Carbon,Emissions_co2_outflow,Outflow emissions Dioxide carbon,carbon Emissions Dioxide outflow,carbon_emissions_outflow_dioxide,dioxide_Carbon_Emissions_outflow,emissions carbon Outflow Dioxide,emissions_outflow_Dioxide_Carbon,outflow_Carbon_emissions_Dioxide
Carbon Dioxide emissions Outflow,Carbon_emissions_Outflow_Dioxide,Dioxide outflow carbon Emissions,Emissions Outflow Dioxide carbon,Emissions_dioxide_Carbon_Outflow,Outflow emissions carbon Dioxide,carbon Emissions Outflow Dioxide,carbon_outflow_Dioxide_Emissions,dioxide_Carbon_Outflow_Emissions,emissions carbon Outflow dioxide,emissions_outflow_Dioxide_carbon,outflow_Carbon_emissions_dioxide
Carbon Dioxide emissions outflow,Carbon_emissions_Outflow_dioxide,Dioxide outflow carbon emissions,Emissions Outflow carbon Dioxide,Emissions_dioxide_Carbon_outflow,Outflow emissions carbon dioxide,carbon Emissions Outflow dioxide,carbon_outflow_Dioxide_emissions,dioxide_Carbon_Outflow_emissions,emissions carbon dioxide Outflow,emissions_outflow_carbon_Dioxide,outflow_Co2
Carbon Dioxide outflow Emissions,Carbon_emissions_dioxide_Outflow,Dioxide outflow emissions Carbon,Emissions Outflow carbon dioxide,Emissions_dioxide_Outflow_Carbon,Outflow emissions co2,carbon Emissions dioxide Outflow,carbon_outflow_Emissions_Dioxide,dioxide_Carbon_emissions_Outflow,emissions carbon dioxide outflow,emissions_outflow_carbon_dioxide,outflow_Co2_Emissions
Carbon Dioxide outflow emissions,Carbon_emissions_dioxide_outflow,Dioxide outflow emissions carbon,Emissions Outflow co2,Emissions_dioxide_Outflow_carbon,Outflow emissions dioxide Carbon,carbon Emissions dioxide outflow,carbon_outflow_Emissions_dioxide,dioxide_Carbon_emissions_outflow,emissions carbon outflow Dioxide,emissions_outflow_co2,outflow_Co2_emissions
Carbon Emissions Dioxide Outflow,Carbon_emissions_outflow_Dioxide,Dioxide_Carbon_Emissions_Outflow,Emissions Outflow dioxide Carbon,Emissions_dioxide_carbon_Outflow,Outflow emissions dioxide carbon,carbon Emissions outflow Dioxide,carbon_outflow_dioxide_Emissions,dioxide_Carbon_outflow_Emissions,emissions carbon outflow dioxide,emissions_outflow_dioxide_Carbon,outflow_Dioxide_Carbon_Emissions
Carbon Emissions Dioxide outflow,Carbon_emissions_outflow_dioxide,Dioxide_Carbon_Emissions_outflow,Emissions Outflow dioxide carbon,Emissions_dioxide_carbon_outflow,Outflow_CO2,carbon Emissions outflow dioxide,carbon_outflow_dioxide_emissions,dioxide_Carbon_outflow_emissions,emissions co2 Outflow,emissions_outflow_dioxide_carbon,outflow_Dioxide_Carbon_emissions
Carbon Emissions Outflow Dioxide,Carbon_outflow_Dioxide_Emissions,Dioxide_Carbon_Outflow_Emissions,Emissions carbon Dioxide Outflow,Emissions_dioxide_outflow_Carbon,Outflow_CO2_Emissions,carbon Outflow Dioxide Emissions,carbon_outflow_emissions_Dioxide,dioxide_Emissions_Carbon_Outflow,emissions co2 outflow,outflow CO2,outflow_Dioxide_Emissions_Carbon
Carbon Emissions Outflow dioxide,Carbon_outflow_Dioxide_emissions,Dioxide_Carbon_Outflow_emissions,Emissions carbon Dioxide outflow,Emissions_dioxide_outflow_carbon,Outflow_Carbon_Dioxide_Emissions,carbon Outflow Dioxide emissions,carbon_outflow_emissions_dioxide,dioxide_Emissions_Carbon_outflow,emissions dioxide Carbon Outflow,outflow CO2 Emissions,outflow_Dioxide_Emissions_carbon
Carbon Emissions dioxide Outflow,Carbon_outflow_Emissions_Dioxide,Dioxide_Carbon_emissions_Outflow,Emissions carbon Outflow Dioxide,Emissions_outflow,Outflow_Carbon_Dioxide_emissions,carbon Outflow Emissions Dioxide,co2 Emissions Outflow,dioxide_Emissions_Outflow_Carbon,emissions dioxide Carbon outflow,outflow Carbon Dioxide Emissions,outflow_Dioxide_carbon_Emissions
Carbon Emissions dioxide outflow,Carbon_outflow_Emissions_dioxide,Dioxide_Carbon_emissions_outflow,Emissions carbon Outflow dioxide,Emissions_outflow_CO2,Outflow_Carbon_Emissions_Dioxide,carbon Outflow Emissions dioxide,co2 Emissions outflow,dioxide_Emissions_Outflow_carbon,emissions dioxide Outflow Carbon,outflow Carbon Dioxide emissions,outflow_Dioxide_carbon_emissions
Carbon Emissions outflow Dioxide,Carbon_outflow_dioxide_Emissions,Dioxide_Carbon_outflow_Emissions,Emissions carbon dioxide Outflow,Emissions_outflow_Carbon_Dioxide,Outflow_Carbon_Emissions_dioxide,carbon Outflow dioxide Emissions,co2 Outflow,dioxide_Emissions_carbon_Outflow,emissions dioxide Outflow carbon,outflow Carbon Emissions Dioxide,outflow_Dioxide_emissions_Carbon
Carbon Emissions outflow dioxide,Carbon_outflow_dioxide_emissions,Dioxide_Carbon_outflow_emissions,Emissions carbon dioxide outflow,Emissions_outflow_Carbon_dioxide,Outflow_Carbon_dioxide_Emissions,carbon Outflow dioxide emissions,co2 Outflow Emissions,dioxide_Emissions_carbon_outflow,emissions dioxide carbon Outflow,outflow Carbon Emissions dioxide,outflow_Dioxide_emissions_carbon
Carbon Outflow Dioxide Emissions,Carbon_outflow_emissions_Dioxide,Dioxide_Emissions_Carbon_Outflow,Emissions carbon outflow Dioxide,Emissions_outflow_Co2,Outflow_Carbon_dioxide_emissions,carbon Outflow emissions Dioxide,co2 Outflow emissions,dioxide_Emissions_outflow_Carbon,emissions dioxide carbon outflow,outflow Carbon dioxide Emissions,outflow_Emissions
Carbon Outflow Dioxide emissions,Carbon_outflow_emissions_dioxide,Dioxide_Emissions_Carbon_outflow,Emissions carbon outflow dioxide,Emissions_outflow_Dioxide_Carbon,Outflow_Carbon_emissions_Dioxide,carbon Outflow emissions dioxide,co2 emissions Outflow,dioxide_Emissions_outflow_carbon,emissions dioxide outflow Carbon,outflow Carbon dioxide emissions,outflow_Emissions_CO2
Carbon Outflow Emissions Dioxide,Co2 Emissions Outflow,Dioxide_Emissions_Outflow_Carbon,Emissions co2 Outflow,Emissions_outflow_Dioxide_carbon,Outflow_Carbon_emissions_dioxide,carbon dioxide Emissions Outflow,co2 emissions outflow,dioxide_Outflow_Carbon_Emissions,emissions dioxide outflow carbon,outflow Carbon emissions Dioxide,outflow_Emissions_Carbon_Dioxide
Carbon Outflow Emissions dioxide,Co2 Emissions outflow,Dioxide_Emissions_Outflow_carbon,Emissions co2 outflow,Emissions_outflow_carbon_Dioxide,Outflow_Co2,carbon dioxide Emissions outflow,co2 outflow,dioxide_Outflow_Carbon_emissions,emissions outflow,outflow Carbon emissions dioxide,outflow_Emissions_Carbon_dioxide
Carbon Outflow dioxide Emissions,Co2 Outflow,Dioxide_Emissions_carbon_Outflow,Emissions dioxide Carbon Outflow,Emissions_outflow_carbon_dioxide,Outflow_Co2_Emissions,carbon dioxide Outflow Emissions,co2 outflow Emissions,dioxide_Outflow_Emissions_Carbon,emissions outflow Carbon Dioxide,outflow Co2,outflow_Emissions_Co2
Carbon Outflow dioxide emissions,Co2 Outflow Emissions,Dioxide_Emissions_carbon_outflow,Emissions dioxide Carbon outflow,Emissions_outflow_co2,Outflow_Co2_emissions,carbon dioxide Outflow emissions,co2 outflow emissions,dioxide_Outflow_Emissions_carbon,emissions outflow Carbon dioxide,outflow Co2 Emissions,outflow_Emissions_Dioxide_Carbon
Carbon Outflow emissions Dioxide,Co2 Outflow emissions,Dioxide_Emissions_outflow_Carbon,Emissions dioxide Outflow Carbon,Emissions_outflow_dioxide_Carbon,Outflow_Dioxide_Carbon_Emissions,carbon dioxide emissions Outflow,co2_Emissions_Outflow,dioxide_Outflow_carbon_Emissions,emissions outflow Co2,outflow Co2 emissions,outflow_Emissions_Dioxide_carbon
Carbon Outflow emissions dioxide,Co2 emissions Outflow,Dioxide_Emissions_outflow_carbon,Emissions dioxide Outflow carbon,Emissions_outflow_dioxide_carbon,Outflow_Dioxide_Carbon_emissions,carbon dioxide emissions outflow,co2_Emissions_outflow,dioxide_Outflow_carbon_emissions,emissions outflow Dioxide Carbon,outflow Dioxide Carbon Emissions,outflow_Emissions_carbon_Dioxide
Carbon dioxide Emissions Outflow,Co2 emissions outflow,Dioxide_Outflow_Carbon_Emissions,Emissions dioxide carbon Outflow,Outflow CO2,Outflow_Dioxide_Emissions_Carbon,carbon dioxide outflow Emissions,co2_Outflow,dioxide_Outflow_emissions_Carbon,emissions outflow Dioxide carbon,outflow Dioxide Carbon emissions,outflow_Emissions_carbon_dioxide
Carbon dioxide Emissions outflow,Co2 outflow,Dioxide_Outflow_Carbon_emissions,Emissions dioxide carbon outflow,Outflow CO2 Emissions,Outflow_Dioxide_Emissions_carbon,carbon dioxide outflow emissions,co2_Outflow_Emissions,dioxide_Outflow_emissions_carbon,emissions outflow carbon Dioxide,outflow Dioxide Emissions Carbon,outflow_Emissions_co2
Carbon dioxide Outflow Emissions,Co2 outflow Emissions,Dioxide_Outflow_Emissions_Carbon,Emissions dioxide outflow Carbon,Outflow Carbon Dioxide Emissions,Outflow_Dioxide_carbon_Emissions,carbon emissions Dioxide Outflow,co2_Outflow_emissions,dioxide_carbon_Emissions_Outflow,emissions outflow carbon dioxide,outflow Dioxide Emissions carbon,outflow_Emissions_dioxide_Carbon
Carbon dioxide Outflow emissions,Co2 outflow emissions,Dioxide_Outflow_Emissions_carbon,Emissions dioxide outflow carbon,Outflow Carbon Dioxide emissions,Outflow_Dioxide_carbon_emissions,carbon emissions Dioxide outflow,co2_emissions_Outflow,dioxide_carbon_Emissions_outflow,emissions outflow co2,outflow Dioxide carbon Emissions,outflow_Emissions_dioxide_carbon
Carbon dioxide emissions Outflow,Co2_Emissions_Outflow,Dioxide_Outflow_carbon_Emissions,Emissions outflow,Outflow Carbon Emissions Dioxide,Outflow_Dioxide_emissions_Carbon,carbon emissions Outflow Dioxide,co2_emissions_outflow,dioxide_carbon_Outflow_Emissions,emissions outflow dioxide Carbon,outflow Dioxide carbon emissions,outflow_carbon_Dioxide_Emissions
Carbon dioxide emissions outflow,Co2_Emissions_outflow,Dioxide_Outflow_carbon_emissions,Emissions outflow CO2,Outflow Carbon Emissions dioxide,Outflow_Dioxide_emissions_carbon,carbon emissions Outflow dioxide,co2_outflow,dioxide_carbon_Outflow_emissions,emissions outflow dioxide carbon,outflow Dioxide emissions Carbon,outflow_carbon_Dioxide_emissions
Carbon dioxide outflow Emissions,Co2_Outflow,Dioxide_Outflow_emissions_Carbon,Emissions outflow Carbon Dioxide,Outflow Carbon dioxide Emissions,Outflow_Emissions,carbon emissions dioxide Outflow,co2_outflow_Emissions,dioxide_carbon_emissions_Outflow,emissions_Carbon_Dioxide_Outflow,outflow Dioxide emissions carbon,outflow_carbon_Emissions_Dioxide
Carbon dioxide outflow emissions,Co2_Outflow_Emissions,Dioxide_Outflow_emissions_carbon,Emissions outflow Carbon dioxide,Outflow Carbon dioxide emissions,Outflow_Emissions_CO2,carbon emissions dioxide outflow,co2_outflow_emissions,dioxide_carbon_emissions_outflow,emissions_Carbon_Dioxide_outflow,outflow Emissions,outflow_carbon_Emissions_dioxide
Carbon emissions Dioxide Outflow,Co2_Outflow_emissions,Dioxide_carbon_Emissions_Outflow,Emissions outflow Co2,Outflow Carbon emissions Dioxide,Outflow_Emissions_Carbon_Dioxide,carbon emissions outflow Dioxide,dioxide Carbon Emissions Outflow,dioxide_carbon_outflow_Emissions,emissions_Carbon_Outflow_Dioxide,outflow Emissions CO2,outflow_carbon_dioxide_Emissions
Carbon emissions Dioxide outflow,Co2_emissions_Outflow,Dioxide_carbon_Emissions_outflow,Emissions outflow Dioxide Carbon,Outflow Carbon emissions dioxide,Outflow_Emissions_Carbon_dioxide,carbon emissions outflow dioxide,dioxide Carbon Emissions outflow,dioxide_carbon_outflow_emissions,emissions_Carbon_Outflow_dioxide,outflow Emissions Carbon Dioxide,outflow_carbon_dioxide_emissions
Carbon emissions Outflow Dioxide,Co2_emissions_outflow,Dioxide_carbon_Outflow_Emissions,Emissions outflow Dioxide carbon,Outflow Co2,Outflow_Emissions_Co2,carbon outflow Dioxide Emissions,dioxide Carbon Outflow Emissions,dioxide_emissions_Carbon_Outflow,emissions_Carbon_dioxide_Outflow,outflow Emissions Carbon dioxide,outflow_carbon_emissions_Dioxide
Carbon emissions Outflow dioxide,Co2_outflow,Dioxide_carbon_Outflow_emissions,Emissions outflow carbon Dioxide,Outflow Co2 Emissions,Outflow_Emissions_Dioxide_Carbon,carbon outflow Dioxide emissions,dioxide Carbon Outflow emissions,dioxide_emissions_Carbon_outflow,emissions_Carbon_dioxide_outflow,outflow Emissions Co2,outflow_carbon_emissions_dioxide
Carbon emissions dioxide Outflow,Co2_outflow_Emissions,Dioxide_carbon_emissions_Outflow,Emissions outflow carbon dioxide,Outflow Co2 emissions,Outflow_Emissions_Dioxide_carbon,carbon outflow Emissions Dioxide,dioxide Carbon emissions Outflow,dioxide_emissions_Outflow_Carbon,emissions_Carbon_outflow_Dioxide,outflow Emissions Dioxide Carbon,outflow_co2
Carbon emissions dioxide outflow,Co2_outflow_emissions,Dioxide_carbon_emissions_outflow,Emissions outflow co2,Outflow Dioxide Carbon Emissions,Outflow_Emissions_carbon_Dioxide,carbon outflow Emissions dioxide,dioxide Carbon emissions outflow,dioxide_emissions_Outflow_carbon,emissions_Carbon_outflow_dioxide,outflow Emissions Dioxide carbon,outflow_co2_Emissions
Carbon emissions outflow Dioxide,Dioxide Carbon Emissions Outflow,Dioxide_carbon_outflow_Emissions,Emissions outflow dioxide Carbon,Outflow Dioxide Carbon emissions,Outflow_Emissions_carbon_dioxide,carbon outflow dioxide Emissions,dioxide Carbon outflow Emissions,dioxide_emissions_carbon_Outflow,emissions_Co2_Outflow,outflow Emissions carbon Dioxide,outflow_co2_emissions
Carbon emissions outflow dioxide,Dioxide Carbon Emissions outflow,Dioxide_carbon_outflow_emissions,Emissions outflow dioxide carbon,Outflow Dioxide Emissions Carbon,Outflow_Emissions_co2,carbon outflow dioxide emissions,dioxide Carbon outflow emissions,dioxide_emissions_carbon_outflow,emissions_Co2_outflow,outflow Emissions carbon dioxide,outflow_dioxide_Carbon_Emissions
Carbon outflow Dioxide Emissions,Dioxide Carbon Outflow Emissions,Dioxide_emissions_Carbon_Outflow,Emissions_CO2_Outflow,Outflow Dioxide Emissions carbon,Outflow_Emissions_dioxide_Carbon,carbon outflow emissions Dioxide,dioxide Emissions Carbon Outflow,dioxide_emissions_outflow_Carbon,emissions_Dioxide_Carbon_Outflow,outflow Emissions co2,outflow_dioxide_Carbon_emissions
Carbon outflow Dioxide emissions,Dioxide Carbon Outflow emissions,Dioxide_emissions_Carbon_outflow,Emissions_CO2_outflow,Outflow Dioxide carbon Emissions,Outflow_Emissions_dioxide_carbon,carbon outflow emissions dioxide,dioxide Emissions Carbon outflow,dioxide_emissions_outflow_carbon,emissions_Dioxide_Carbon_outflow,outflow Emissions dioxide Carbon,outflow_dioxide_Emissions_Carbon
Carbon outflow Emissions Dioxide,Dioxide Carbon emissions Outflow,Dioxide_emissions_Outflow_Carbon,Emissions_Carbon_Dioxide_Outflow,Outflow Dioxide carbon emissions,Outflow_carbon_Dioxide_Emissions,carbon_Dioxide_Emissions_Outflow,dioxide Emissions Outflow Carbon,dioxide_outflow_Carbon_Emissions,emissions_Dioxide_Outflow_Carbon,outflow Emissions dioxide carbon,outflow_dioxide_Emissions_carbon
Carbon outflow Emissions dioxide,Dioxide Carbon emissions outflow,Dioxide_emissions_Outflow_carbon,Emissions_Carbon_Dioxide_outflow,Outflow Dioxide emissions Carbon,Outflow_carbon_Dioxide_emissions,carbon_Dioxide_Emissions_outflow,dioxide Emissions Outflow carbon,dioxide_outflow_Carbon_emissions,emissions_Dioxide_Outflow_carbon,outflow carbon Dioxide Emissions,outflow_dioxide_carbon_Emissions
Carbon outflow dioxide Emissions,Dioxide Carbon outflow Emissions,Dioxide_emissions_carbon_Outflow,Emissions_Carbon_Outflow_Dioxide,Outflow Dioxide emissions carbon,Outflow_carbon_Emissions_Dioxide,carbon_Dioxide_Outflow_Emissions,dioxide Emissions carbon Outflow,dioxide_outflow_Emissions_Carbon,emissions_Dioxide_carbon_Outflow,outflow carbon Dioxide emissions,outflow_dioxide_carbon_emissions
Carbon outflow dioxide emissions,Dioxide Carbon outflow emissions,Dioxide_emissions_carbon_outflow,Emissions_Carbon_Outflow_dioxide,Outflow Emissions,Outflow_carbon_Emissions_dioxide,carbon_Dioxide_Outflow_emissions,dioxide Emissions carbon outflow,dioxide_outflow_Emissions_carbon,emissions_Dioxide_carbon_outflow,outflow carbon Emissions Dioxide,outflow_dioxide_emissions_Carbon
Carbon outflow emissions Dioxide,Dioxide Emissions Carbon Outflow,Dioxide_emissions_outflow_Carbon,Emissions_Carbon_dioxide_Outflow,Outflow Emissions CO2,Outflow_carbon_dioxide_Emissions,carbon_Dioxide_emissions_Outflow,dioxide Emissions outflow Carbon,dioxide_outflow_carbon_Emissions,emissions_Dioxide_outflow_Carbon,outflow carbon Emissions dioxide,outflow_dioxide_emissions_carbon
Carbon outflow emissions dioxide,Dioxide Emissions Carbon outflow,Dioxide_emissions_outflow_carbon,Emissions_Carbon_dioxide_outflow,Outflow Emissions Carbon Dioxide,Outflow_carbon_dioxide_emissions,carbon_Dioxide_emissions_outflow,dioxide Emissions outflow carbon,dioxide_outflow_carbon_emissions,emissions_Dioxide_outflow_carbon,outflow carbon dioxide Emissions,outflow_emissions
Carbon_Dioxide_Emissions_Outflow,Dioxide Emissions Outflow Carbon,Dioxide_outflow_Carbon_Emissions,Emissions_Carbon_outflow_Dioxide,Outflow Emissions Carbon dioxide,Outflow_carbon_emissions_Dioxide,carbon_Dioxide_outflow_Emissions,dioxide Outflow Carbon Emissions,dioxide_outflow_emissions_Carbon,emissions_Outflow,outflow carbon dioxide emissions,outflow_emissions_Carbon_Dioxide
Carbon_Dioxide_Emissions_outflow,Dioxide Emissions Outflow carbon,Dioxide_outflow_Carbon_emissions,Emissions_Carbon_outflow_dioxide,Outflow Emissions Co2,Outflow_carbon_emissions_dioxide,carbon_Dioxide_outflow_emissions,dioxide Outflow Carbon emissions,dioxide_outflow_emissions_carbon,emissions_Outflow_Carbon_Dioxide,outflow carbon emissions Dioxide,outflow_emissions_Carbon_dioxide
Carbon_Dioxide_Outflow_Emissions,Dioxide Emissions carbon Outflow,Dioxide_outflow_Emissions_Carbon,Emissions_Co2_Outflow,Outflow Emissions Dioxide Carbon,Outflow_co2,carbon_Emissions_Dioxide_Outflow,dioxide Outflow Emissions Carbon,emissions Carbon Dioxide Outflow,emissions_Outflow_Carbon_dioxide,outflow carbon emissions dioxide,outflow_emissions_Co2
Carbon_Dioxide_Outflow_emissions,Dioxide Emissions carbon outflow,Dioxide_outflow_Emissions_carbon,Emissions_Co2_outflow,Outflow Emissions Dioxide carbon,Outflow_co2_Emissions,carbon_Emissions_Dioxide_outflow,dioxide Outflow Emissions carbon,emissions Carbon Dioxide outflow,emissions_Outflow_Co2,outflow co2,outflow_emissions_Dioxide_Carbon
Carbon_Dioxide_emissions_Outflow,Dioxide Emissions outflow Carbon,Dioxide_outflow_carbon_Emissions,Emissions_Dioxide_Carbon_Outflow,Outflow Emissions carbon Dioxide,Outflow_co2_emissions,carbon_Emissions_Outflow_Dioxide,dioxide Outflow carbon Emissions,emissions Carbon Outflow Dioxide,emissions_Outflow_Dioxide_Carbon,outflow co2 Emissions,outflow_emissions_Dioxide_carbon
Carbon_Dioxide_emissions_outflow,Dioxide Emissions outflow carbon,Dioxide_outflow_carbon_emissions,Emissions_Dioxide_Carbon_outflow,Outflow Emissions carbon dioxide,Outflow_dioxide_Carbon_Emissions,carbon_Emissions_Outflow_dioxide,dioxide Outflow carbon emissions,emissions Carbon Outflow dioxide,emissions_Outflow_Dioxide_carbon,outflow co2 emissions,outflow_emissions_carbon_Dioxide
Carbon_Dioxide_outflow_Emissions,Dioxide Outflow Carbon Emissions,Dioxide_outflow_emissions_Carbon,Emissions_Dioxide_Outflow_Carbon,Outflow Emissions co2,Outflow_dioxide_Carbon_emissions,carbon_Emissions_dioxide_Outflow,dioxide Outflow emissions Carbon,emissions Carbon dioxide Outflow,emissions_Outflow_carbon_Dioxide,outflow dioxide Carbon Emissions,outflow_emissions_carbon_dioxide
Carbon_Dioxide_outflow_emissions,Dioxide Outflow Carbon emissions,Dioxide_outflow_emissions_carbon,Emissions_Dioxide_Outflow_carbon,Outflow Emissions dioxide Carbon,Outflow_dioxide_Emissions_Carbon,carbon_Emissions_dioxide_outflow,dioxide Outflow emissions carbon,emissions Carbon dioxide outflow,emissions_Outflow_carbon_dioxide,outflow dioxide Carbon emissions,outflow_emissions_co2
Carbon_Emissions_Dioxide_Outflow,Dioxide Outflow Emissions Carbon,Emissions CO2 Outflow,Emissions_Dioxide_carbon_Outflow,Outflow Emissions dioxide carbon,Outflow_dioxide_Emissions_carbon,carbon_Emissions_outflow_Dioxide,dioxide carbon Emissions Outflow,emissions Carbon outflow Dioxide,emissions_Outflow_co2,outflow dioxide Emissions Carbon,outflow_emissions_dioxide_Carbon
Carbon_Emissions_Dioxide_outflow,Dioxide Outflow Emissions carbon,Emissions CO2 outflow,Emissions_Dioxide_carbon_outflow,Outflow carbon Dioxide Emissions,Outflow_dioxide_carbon_Emissions,carbon_Emissions_outflow_dioxide,dioxide carbon Emissions outflow,emissions Carbon outflow dioxide,emissions_Outflow_dioxide_Carbon,outflow dioxide Emissions carbon,outflow_emissions_dioxide_carbon
Carbon_Emissions_Outflow_Dioxide,Dioxide Outflow carbon Emissions,Emissions Carbon Dioxide Outflow,Emissions_Dioxide_outflow_Carbon,Outflow carbon Dioxide emissions,Outflow_dioxide_carbon_emissions,carbon_Outflow_Dioxide_Emissions,dioxide carbon Outflow Emissions,emissions Co2 Outflow,emissions_Outflow_dioxide_carbon,outflow dioxide carbon Emissions,
Carbon_Emissions_Outflow_dioxide,Dioxide Outflow carbon emissions,Emissions Carbon Dioxide outflow,Emissions_Dioxide_outflow_carbon,Outflow carbon Emissions Dioxide,Outflow_dioxide_emissions_Carbon,carbon_Outflow_Dioxide_emissions,dioxide carbon Outflow emissions,emissions Co2 outflow,emissions_carbon_Dioxide_Outflow,outflow dioxide carbon emissions,
Carbon_Emissions_dioxide_Outflow,Dioxide Outflow emissions Carbon,Emissions Carbon Outflow Dioxide,Emissions_Outflow,Outflow carbon Emissions dioxide,Outflow_dioxide_emissions_carbon,carbon_Outflow_Emissions_Dioxide,dioxide carbon emissions Outflow,emissions Dioxide Carbon Outflow,emissions_carbon_Dioxide_outflow,outflow dioxide emissions Carbon,
Carbon_Emissions_dioxide_outflow,Dioxide Outflow emissions carbon,Emissions Carbon Outflow dioxide,Emissions_Outflow_CO2,Outflow carbon dioxide Emissions,Outflow_emissions,carbon_Outflow_Emissions_dioxide,dioxide carbon emissions outflow,emissions Dioxide Carbon outflow,emissions_carbon_Outflow_Dioxide,outflow dioxide emissions carbon,
Carbon_Emissions_outflow_Dioxide,Dioxide carbon Emissions Outflow,Emissions Carbon dioxide Outflow,Emissions_Outflow_Carbon_Dioxide,Outflow carbon dioxide emissions,Outflow_emissions_Carbon_Dioxide,carbon_Outflow_dioxide_Emissions,dioxide carbon outflow Emissions,emissions Dioxide Outflow Carbon,emissions_carbon_Outflow_dioxide,outflow emissions,
Carbon_Emissions_outflow_dioxide,Dioxide carbon Emissions outflow,Emissions Carbon dioxide outflow,Emissions_Outflow_Carbon_dioxide,Outflow carbon emissions Dioxide,Outflow_emissions_Carbon_dioxide,carbon_Outflow_dioxide_emissions,dioxide carbon outflow emissions,emissions Dioxide Outflow carbon,emissions_carbon_dioxide_Outflow,outflow emissions Carbon Dioxide,
Carbon_Outflow_Dioxide_Emissions,Dioxide carbon Outflow Emissions,Emissions Carbon outflow Dioxide,Emissions_Outflow_Co2,Outflow carbon emissions dioxide,Outflow_emissions_Co2,carbon_Outflow_emissions_Dioxide,dioxide emissions Carbon Outflow,emissions Dioxide carbon Outflow,emissions_carbon_dioxide_outflow,outflow emissions Carbon dioxide,
Carbon_Outflow_Dioxide_emissions,Dioxide carbon Outflow emissions,Emissions Carbon outflow dioxide,Emissions_Outflow_Dioxide_Carbon,Outflow co2,Outflow_emissions_Dioxide_Carbon,carbon_Outflow_emissions_dioxide,dioxide emissions Carbon outflow,emissions Dioxide carbon outflow,emissions_carbon_outflow_Dioxide,outflow emissions Co2,
