Change Maximum Output Positive,Gradient_Output,Maximum_output_positive_Change,Output_Positive_Changes_maximum,Positive output change Maximum,change Maximum Positive Output,gradient_Output_positive,maximum_output_positive_change,output_Positive_Maximum_Change,positive output changes Maximum
Change Maximum Output positive,Gradient_Output_Positive,Maximum_output_positive_Changes,Output_Positive_Gradient,Positive output change maximum,change Maximum Positive output,gradient_Positive_Output,maximum_output_positive_changes,output_Positive_Maximum_Changes,positive output changes maximum
Change Maximum Positive Output,Gradient_Output_positive,Maximum_output_positive_change,Output_Positive_Maximum_Change,Positive output changes Maximum,change Maximum output Positive,gradient_Positive_output,maximum_positive_Change_Output,output_Positive_Maximum_change,positive output gradient
Change Maximum Positive output,Gradient_Positive_Output,Maximum_output_positive_changes,Output_Positive_Maximum_Changes,Positive output changes maximum,change Maximum output positive,gradient_output,maximum_positive_Change_output,output_Positive_Maximum_changes,positive output maximum Change
Change Maximum output Positive,Gradient_Positive_output,Maximum_positive_Change_Output,Output_Positive_Maximum_change,Positive output gradient,change Maximum positive Output,gradient_output_Positive,maximum_positive_Changes_Output,output_Positive_Ramp,positive output maximum Changes
Change Maximum output positive,Gradient_output,Maximum_positive_Change_output,Output_Positive_Maximum_changes,Positive output maximum Change,change Maximum positive output,gradient_output_positive,maximum_positive_Changes_output,output_Positive_change_Maximum,positive output maximum change
Change Maximum positive Output,Gradient_output_Positive,Maximum_positive_Changes_Output,Output_Positive_Ramp,Positive output maximum Changes,change Output Maximum Positive,gradient_positive_Output,maximum_positive_Output_Change,output_Positive_change_maximum,positive output maximum changes
Change Maximum positive output,Gradient_output_positive,Maximum_positive_Changes_output,Output_Positive_change_Maximum,Positive output maximum change,change Output Maximum positive,gradient_positive_output,maximum_positive_Output_Changes,output_Positive_changes_Maximum,positive output ramp
Change Output Maximum Positive,Gradient_positive_Output,Maximum_positive_Output_Change,Output_Positive_change_maximum,Positive output maximum changes,change Output Positive Maximum,heat Output Ramp,maximum_positive_Output_change,output_Positive_changes_maximum,positive ramp Output
Change Output Maximum positive,Gradient_positive_output,Maximum_positive_Output_Changes,Output_Positive_changes_Maximum,Positive output ramp,change Output Positive maximum,heat Output ramp,maximum_positive_Output_changes,output_Positive_gradient,positive ramp output
Change Output Positive Maximum,Heat Output Ramp,Maximum_positive_Output_change,Output_Positive_changes_maximum,Positive ramp Output,change Output maximum Positive,heat Ramp Output,maximum_positive_change_Output,output_Positive_maximum_Change,positive_Change_Maximum_Output
Change Output Positive maximum,Heat Output ramp,Maximum_positive_Output_changes,Output_Positive_gradient,Positive ramp output,change Output maximum positive,heat Ramp output,maximum_positive_change_output,output_Positive_maximum_Changes,positive_Change_Maximum_output
Change Output maximum Positive,Heat Ramp Output,Maximum_positive_change_Output,Output_Positive_maximum_Change,Positive_Change_Maximum_Output,change Output positive Maximum,heat output Ramp,maximum_positive_changes_Output,output_Positive_maximum_change,positive_Change_Output_Maximum
Change Output maximum positive,Heat Ramp output,Maximum_positive_change_output,Output_Positive_maximum_Changes,Positive_Change_Maximum_output,change Output positive maximum,heat output ramp,maximum_positive_changes_output,output_Positive_maximum_changes,positive_Change_Output_maximum
Change Output positive Maximum,Heat output Ramp,Maximum_positive_changes_Output,Output_Positive_maximum_change,Positive_Change_Output_Maximum,change Positive Maximum Output,heat ramp Output,maximum_positive_output_Change,output_Positive_ramp,positive_Change_maximum_Output
Change Output positive maximum,Heat output ramp,Maximum_positive_changes_output,Output_Positive_maximum_changes,Positive_Change_Output_maximum,change Positive Maximum output,heat ramp output,maximum_positive_output_Changes,output_Power_Ramp,positive_Change_maximum_output
Change Positive Maximum Output,Heat ramp Output,Maximum_positive_output_Change,Output_Positive_ramp,Positive_Change_maximum_Output,change Positive Output Maximum,heat_Output_Ramp,maximum_positive_output_change,output_Power_ramp,positive_Change_output_Maximum
Change Positive Maximum output,Heat ramp output,Maximum_positive_output_Changes,Output_Power_Ramp,Positive_Change_maximum_output,change Positive Output maximum,heat_Output_ramp,maximum_positive_output_changes,output_Pr,positive_Change_output_maximum
Change Positive Output Maximum,Heat_Output_Ramp,Maximum_positive_output_change,Output_Power_ramp,Positive_Change_output_Maximum,change Positive maximum Output,heat_Ramp_Output,output Change Maximum Positive,output_Pramp,positive_Changes_Maximum_Output
Change Positive Output maximum,Heat_Output_ramp,Maximum_positive_output_changes,Output_Pr,Positive_Change_output_maximum,change Positive maximum output,heat_Ramp_output,output Change Maximum positive,output_Ramp,positive_Changes_Maximum_output
Change Positive maximum Output,Heat_Ramp_Output,Output Change Maximum Positive,Output_Pramp,Positive_Changes_Maximum_Output,change Positive output Maximum,heat_output_Ramp,output Change Positive Maximum,output_Ramp_Heat,positive_Changes_Output_Maximum
Change Positive maximum output,Heat_Ramp_output,Output Change Maximum positive,Output_Ramp,Positive_Changes_Maximum_output,change Positive output maximum,heat_output_ramp,output Change Positive maximum,output_Ramp_Positive,positive_Changes_Output_maximum
Change Positive output Maximum,Heat_output_Ramp,Output Change Positive Maximum,Output_Ramp_Heat,Positive_Changes_Output_Maximum,change maximum Output Positive,heat_ramp_Output,output Change maximum Positive,output_Ramp_Power,positive_Changes_maximum_Output
Change Positive output maximum,Heat_output_ramp,Output Change Positive maximum,Output_Ramp_Positive,Positive_Changes_Output_maximum,change maximum Output positive,heat_ramp_output,output Change maximum positive,output_Ramp_heat,positive_Changes_maximum_output
Change maximum Output Positive,Heat_ramp_Output,Output Change maximum Positive,Output_Ramp_Power,Positive_Changes_maximum_Output,change maximum Positive Output,hr Output,output Change positive Maximum,output_Ramp_positive,positive_Changes_output_Maximum
Change maximum Output positive,Heat_ramp_output,Output Change maximum positive,Output_Ramp_heat,Positive_Changes_maximum_output,change maximum Positive output,hr output,output Change positive maximum,output_Ramp_power,positive_Changes_output_maximum
Change maximum Positive Output,Hr Output,Output Change positive Maximum,Output_Ramp_positive,Positive_Changes_output_Maximum,change maximum output Positive,hr_Output,output Changes Maximum Positive,output_change_Maximum_Positive,positive_Gradient_Output
Change maximum Positive output,Hr output,Output Change positive maximum,Output_Ramp_power,Positive_Changes_output_maximum,change maximum output positive,hr_output,output Changes Maximum positive,output_change_Maximum_positive,positive_Gradient_output
Change maximum output Positive,Hr_Output,Output Changes Maximum Positive,Output_change_Maximum_Positive,Positive_Gradient_Output,change maximum positive Output,maximum Change Output Positive,output Changes Positive Maximum,output_change_Positive_Maximum,positive_Maximum_Change_Output
Change maximum output positive,Hr_output,Output Changes Maximum positive,Output_change_Maximum_positive,Positive_Gradient_output,change maximum positive output,maximum Change Output positive,output Changes Positive maximum,output_change_Positive_maximum,positive_Maximum_Change_output
Change maximum positive Output,Maximum Change Output Positive,Output Changes Positive Maximum,Output_change_Positive_Maximum,Positive_Maximum_Change_Output,change output Maximum Positive,maximum Change Positive Output,output Changes maximum Positive,output_change_maximum_Positive,positive_Maximum_Changes_Output
Change maximum positive output,Maximum Change Output positive,Output Changes Positive maximum,Output_change_Positive_maximum,Positive_Maximum_Change_output,change output Maximum positive,maximum Change Positive output,output Changes maximum positive,output_change_maximum_positive,positive_Maximum_Changes_output
Change output Maximum Positive,Maximum Change Positive Output,Output Changes maximum Positive,Output_change_maximum_Positive,Positive_Maximum_Changes_Output,change output Positive Maximum,maximum Change output Positive,output Changes positive Maximum,output_change_positive_Maximum,positive_Maximum_Output_Change
Change output Maximum positive,Maximum Change Positive output,Output Changes maximum positive,Output_change_maximum_positive,Positive_Maximum_Changes_output,change output Positive maximum,maximum Change output positive,output Changes positive maximum,output_change_positive_maximum,positive_Maximum_Output_Changes
Change output Positive Maximum,Maximum Change output Positive,Output Changes positive Maximum,Output_change_positive_Maximum,Positive_Maximum_Output_Change,change output maximum Positive,maximum Change positive Output,output Gradient,output_changes_Maximum_Positive,positive_Maximum_Output_change
Change output Positive maximum,Maximum Change output positive,Output Changes positive maximum,Output_change_positive_maximum,Positive_Maximum_Output_Changes,change output maximum positive,maximum Change positive output,output Gradient Positive,output_changes_Maximum_positive,positive_Maximum_Output_changes
Change output maximum Positive,Maximum Change positive Output,Output Gradient,Output_changes_Maximum_Positive,Positive_Maximum_Output_change,change output positive Maximum,maximum Changes Output Positive,output Gradient positive,output_changes_Positive_Maximum,positive_Maximum_change_Output
Change output maximum positive,Maximum Change positive output,Output Gradient Positive,Output_changes_Maximum_positive,Positive_Maximum_Output_changes,change output positive maximum,maximum Changes Output positive,output Heat Ramp,output_changes_Positive_maximum,positive_Maximum_change_output
Change output positive Maximum,Maximum Changes Output Positive,Output Gradient positive,Output_changes_Positive_Maximum,Positive_Maximum_change_Output,change positive Maximum Output,maximum Changes Positive Output,output Heat ramp,output_changes_maximum_Positive,positive_Maximum_changes_Output
Change output positive maximum,Maximum Changes Output positive,Output Heat Ramp,Output_changes_Positive_maximum,Positive_Maximum_change_output,change positive Maximum output,maximum Changes Positive output,output Hr,output_changes_maximum_positive,positive_Maximum_changes_output
Change positive Maximum Output,Maximum Changes Positive Output,Output Heat ramp,Output_changes_maximum_Positive,Positive_Maximum_changes_Output,change positive Output Maximum,maximum Changes output Positive,output Maximum Change Positive,output_changes_positive_Maximum,positive_Maximum_output_Change
Change positive Maximum output,Maximum Changes Positive output,Output Hr,Output_changes_maximum_positive,Positive_Maximum_changes_output,change positive Output maximum,maximum Changes output positive,output Maximum Change positive,output_changes_positive_maximum,positive_Maximum_output_Changes
Change positive Output Maximum,Maximum Changes output Positive,Output Maximum Change Positive,Output_changes_positive_Maximum,Positive_Maximum_output_Change,change positive maximum Output,maximum Changes positive Output,output Maximum Changes Positive,output_gradient,positive_Maximum_output_change
Change positive Output maximum,Maximum Changes output positive,Output Maximum Change positive,Output_changes_positive_maximum,Positive_Maximum_output_Changes,change positive maximum output,maximum Changes positive output,output Maximum Changes positive,output_gradient_Positive,positive_Maximum_output_changes
Change positive maximum Output,Maximum Changes positive Output,Output Maximum Changes Positive,Output_gradient,Positive_Maximum_output_change,change positive output Maximum,maximum Output Change Positive,output Maximum Positive Change,output_gradient_positive,positive_Output_Change_Maximum
Change positive maximum output,Maximum Changes positive output,Output Maximum Changes positive,Output_gradient_Positive,Positive_Maximum_output_changes,change positive output maximum,maximum Output Change positive,output Maximum Positive Changes,output_heat_Ramp,positive_Output_Change_maximum
Change positive output Maximum,Maximum Output Change Positive,Output Maximum Positive Change,Output_gradient_positive,Positive_Output_Change_Maximum,change_Maximum_Output_Positive,maximum Output Changes Positive,output Maximum Positive change,output_heat_ramp,positive_Output_Changes_Maximum
Change positive output maximum,Maximum Output Change positive,Output Maximum Positive Changes,Output_heat_Ramp,Positive_Output_Change_maximum,change_Maximum_Output_positive,maximum Output Changes positive,output Maximum Positive changes,output_hr,positive_Output_Changes_maximum
Change_Maximum_Output_Positive,Maximum Output Changes Positive,Output Maximum Positive change,Output_heat_ramp,Positive_Output_Changes_Maximum,change_Maximum_Positive_Output,maximum Output Positive Change,output Maximum change Positive,output_maximum_Change_Positive,positive_Output_Gradient
Change_Maximum_Output_positive,Maximum Output Changes positive,Output Maximum Positive changes,Output_hr,Positive_Output_Changes_maximum,change_Maximum_Positive_output,maximum Output Positive Changes,output Maximum change positive,output_maximum_Change_positive,positive_Output_Maximum_Change
Change_Maximum_Positive_Output,Maximum Output Positive Change,Output Maximum change Positive,Output_maximum_Change_Positive,Positive_Output_Gradient,change_Maximum_output_Positive,maximum Output Positive change,output Maximum changes Positive,output_maximum_Changes_Positive,positive_Output_Maximum_Changes
Change_Maximum_Positive_output,Maximum Output Positive Changes,Output Maximum change positive,Output_maximum_Change_positive,Positive_Output_Maximum_Change,change_Maximum_output_positive,maximum Output Positive changes,output Maximum changes positive,output_maximum_Changes_positive,positive_Output_Maximum_change
Change_Maximum_output_Positive,Maximum Output Positive change,Output Maximum changes Positive,Output_maximum_Changes_Positive,Positive_Output_Maximum_Changes,change_Maximum_positive_Output,maximum Output change Positive,output Maximum positive Change,output_maximum_Positive_Change,positive_Output_Maximum_changes
Change_Maximum_output_positive,Maximum Output Positive changes,Output Maximum changes positive,Output_maximum_Changes_positive,Positive_Output_Maximum_change,change_Maximum_positive_output,maximum Output change positive,output Maximum positive Changes,output_maximum_Positive_Changes,positive_Output_Ramp
Change_Maximum_positive_Output,Maximum Output change Positive,Output Maximum positive Change,Output_maximum_Positive_Change,Positive_Output_Maximum_changes,change_Output_Maximum_Positive,maximum Output changes Positive,output Maximum positive change,output_maximum_Positive_change,positive_Output_change_Maximum
Change_Maximum_positive_output,Maximum Output change positive,Output Maximum positive Changes,Output_maximum_Positive_Changes,Positive_Output_Ramp,change_Output_Maximum_positive,maximum Output changes positive,output Maximum positive changes,output_maximum_Positive_changes,positive_Output_change_maximum
Change_Output_Maximum_Positive,Maximum Output changes Positive,Output Maximum positive change,Output_maximum_Positive_change,Positive_Output_change_Maximum,change_Output_Positive_Maximum,maximum Output positive Change,output Pg,output_maximum_change_Positive,positive_Output_changes_Maximum
Change_Output_Maximum_positive,Maximum Output changes positive,Output Maximum positive changes,Output_maximum_Positive_changes,Positive_Output_change_maximum,change_Output_Positive_maximum,maximum Output positive Changes,output Positive Change Maximum,output_maximum_change_positive,positive_Output_changes_maximum
Change_Output_Positive_Maximum,Maximum Output positive Change,Output Pg,Output_maximum_change_Positive,Positive_Output_changes_Maximum,change_Output_maximum_Positive,maximum Output positive change,output Positive Change maximum,output_maximum_changes_Positive,positive_Output_gradient
Change_Output_Positive_maximum,Maximum Output positive Changes,Output Positive Change Maximum,Output_maximum_change_positive,Positive_Output_changes_maximum,change_Output_maximum_positive,maximum Output positive changes,output Positive Changes Maximum,output_maximum_changes_positive,positive_Output_maximum_Change
Change_Output_maximum_Positive,Maximum Output positive change,Output Positive Change maximum,Output_maximum_changes_Positive,Positive_Output_gradient,change_Output_positive_Maximum,maximum Positive Change Output,output Positive Changes maximum,output_maximum_positive_Change,positive_Output_maximum_Changes
Change_Output_maximum_positive,Maximum Output positive changes,Output Positive Changes Maximum,Output_maximum_changes_positive,Positive_Output_maximum_Change,change_Output_positive_maximum,maximum Positive Change output,output Positive Gradient,output_maximum_positive_Changes,positive_Output_maximum_change
Change_Output_positive_Maximum,Maximum Positive Change Output,Output Positive Changes maximum,Output_maximum_positive_Change,Positive_Output_maximum_Changes,change_Positive_Maximum_Output,maximum Positive Changes Output,output Positive Maximum Change,output_maximum_positive_change,positive_Output_maximum_changes
Change_Output_positive_maximum,Maximum Positive Change output,Output Positive Gradient,Output_maximum_positive_Changes,Positive_Output_maximum_change,change_Positive_Maximum_output,maximum Positive Changes output,output Positive Maximum Changes,output_maximum_positive_changes,positive_Output_ramp
Change_Positive_Maximum_Output,Maximum Positive Changes Output,Output Positive Maximum Change,Output_maximum_positive_change,Positive_Output_maximum_changes,change_Positive_Output_Maximum,maximum Positive Output Change,output Positive Maximum change,output_pg,positive_Ramp_Output
Change_Positive_Maximum_output,Maximum Positive Changes output,Output Positive Maximum Changes,Output_maximum_positive_changes,Positive_Output_ramp,change_Positive_Output_maximum,maximum Positive Output Changes,output Positive Maximum changes,output_positive_Change_Maximum,positive_Ramp_output
Change_Positive_Output_Maximum,Maximum Positive Output Change,Output Positive Maximum change,Output_pg,Positive_Ramp_Output,change_Positive_maximum_Output,maximum Positive Output change,output Positive Ramp,output_positive_Change_maximum,positive_change_Maximum_Output
Change_Positive_Output_maximum,Maximum Positive Output Changes,Output Positive Maximum changes,Output_positive_Change_Maximum,Positive_Ramp_output,change_Positive_maximum_output,maximum Positive Output changes,output Positive change Maximum,output_positive_Changes_Maximum,positive_change_Maximum_output
Change_Positive_maximum_Output,Maximum Positive Output change,Output Positive Ramp,Output_positive_Change_maximum,Positive_change_Maximum_Output,change_Positive_output_Maximum,maximum Positive change Output,output Positive change maximum,output_positive_Changes_maximum,positive_change_Output_Maximum
Change_Positive_maximum_output,Maximum Positive Output changes,Output Positive change Maximum,Output_positive_Changes_Maximum,Positive_change_Maximum_output,change_Positive_output_maximum,maximum Positive change output,output Positive changes Maximum,output_positive_Gradient,positive_change_Output_maximum
Change_Positive_output_Maximum,Maximum Positive change Output,Output Positive change maximum,Output_positive_Changes_maximum,Positive_change_Output_Maximum,change_maximum_Output_Positive,maximum Positive changes Output,output Positive changes maximum,output_positive_Maximum_Change,positive_change_maximum_Output
Change_Positive_output_maximum,Maximum Positive change output,Output Positive changes Maximum,Output_positive_Gradient,Positive_change_Output_maximum,change_maximum_Output_positive,maximum Positive changes output,output Positive gradient,output_positive_Maximum_Changes,positive_change_maximum_output
Change_maximum_Output_Positive,Maximum Positive changes Output,Output Positive changes maximum,Output_positive_Maximum_Change,Positive_change_maximum_Output,change_maximum_Positive_Output,maximum Positive output Change,output Positive maximum Change,output_positive_Maximum_change,positive_change_output_Maximum
Change_maximum_Output_positive,Maximum Positive changes output,Output Positive gradient,Output_positive_Maximum_Changes,Positive_change_maximum_output,change_maximum_Positive_output,maximum Positive output Changes,output Positive maximum Changes,output_positive_Maximum_changes,positive_change_output_maximum
Change_maximum_Positive_Output,Maximum Positive output Change,Output Positive maximum Change,Output_positive_Maximum_change,Positive_change_output_Maximum,change_maximum_output_Positive,maximum Positive output change,output Positive maximum change,output_positive_Ramp,positive_changes_Maximum_Output
Change_maximum_Positive_output,Maximum Positive output Changes,Output Positive maximum Changes,Output_positive_Maximum_changes,Positive_change_output_maximum,change_maximum_output_positive,maximum Positive output changes,output Positive maximum changes,output_positive_change_Maximum,positive_changes_Maximum_output
Change_maximum_output_Positive,Maximum Positive output change,Output Positive maximum change,Output_positive_Ramp,Positive_changes_Maximum_Output,change_maximum_positive_Output,maximum change Output Positive,output Positive ramp,output_positive_change_maximum,positive_changes_Output_Maximum
Change_maximum_output_positive,Maximum Positive output changes,Output Positive maximum changes,Output_positive_change_Maximum,Positive_changes_Maximum_output,change_maximum_positive_output,maximum change Output positive,output Power Ramp,output_positive_changes_Maximum,positive_changes_Output_maximum
Change_maximum_positive_Output,Maximum change Output Positive,Output Positive ramp,Output_positive_change_maximum,Positive_changes_Output_Maximum,change_output_Maximum_Positive,maximum change Positive Output,output Power ramp,output_positive_changes_maximum,positive_changes_maximum_Output
Change_maximum_positive_output,Maximum change Output positive,Output Power Ramp,Output_positive_changes_Maximum,Positive_changes_Output_maximum,change_output_Maximum_positive,maximum change Positive output,output Pr,output_positive_gradient,positive_changes_maximum_output
Change_output_Maximum_Positive,Maximum change Positive Output,Output Power ramp,Output_positive_changes_maximum,Positive_changes_maximum_Output,change_output_Positive_Maximum,maximum change output Positive,output Pramp,output_positive_maximum_Change,positive_changes_output_Maximum
Change_output_Maximum_positive,Maximum change Positive output,Output Pr,Output_positive_gradient,Positive_changes_maximum_output,change_output_Positive_maximum,maximum change output positive,output Ramp,output_positive_maximum_Changes,positive_changes_output_maximum
Change_output_Positive_Maximum,Maximum change output Positive,Output Pramp,Output_positive_maximum_Change,Positive_changes_output_Maximum,change_output_maximum_Positive,maximum change positive Output,output Ramp Heat,output_positive_maximum_change,positive_gradient_Output
Change_output_Positive_maximum,Maximum change output positive,Output Ramp,Output_positive_maximum_Changes,Positive_changes_output_maximum,change_output_maximum_positive,maximum change positive output,output Ramp Positive,output_positive_maximum_changes,positive_gradient_output
Change_output_maximum_Positive,Maximum change positive Output,Output Ramp Heat,Output_positive_maximum_change,Positive_gradient_Output,change_output_positive_Maximum,maximum changes Output Positive,output Ramp Power,output_positive_ramp,positive_maximum_Change_Output
Change_output_maximum_positive,Maximum change positive output,Output Ramp Positive,Output_positive_maximum_changes,Positive_gradient_output,change_output_positive_maximum,maximum changes Output positive,output Ramp heat,output_power_Ramp,positive_maximum_Change_output
Change_output_positive_Maximum,Maximum changes Output Positive,Output Ramp Power,Output_positive_ramp,Positive_maximum_Change_Output,change_positive_Maximum_Output,maximum changes Positive Output,output Ramp positive,output_power_ramp,positive_maximum_Changes_Output
Change_output_positive_maximum,Maximum changes Output positive,Output Ramp heat,Output_power_Ramp,Positive_maximum_Change_output,change_positive_Maximum_output,maximum changes Positive output,output Ramp power,output_pr,positive_maximum_Changes_output
Change_positive_Maximum_Output,Maximum changes Positive Output,Output Ramp positive,Output_power_ramp,Positive_maximum_Changes_Output,change_positive_Output_Maximum,maximum changes output Positive,output change Maximum Positive,output_pramp,positive_maximum_Output_Change
Change_positive_Maximum_output,Maximum changes Positive output,Output Ramp power,Output_pr,Positive_maximum_Changes_output,change_positive_Output_maximum,maximum changes output positive,output change Maximum positive,output_ramp,positive_maximum_Output_Changes
Change_positive_Output_Maximum,Maximum changes output Positive,Output change Maximum Positive,Output_pramp,Positive_maximum_Output_Change,change_positive_maximum_Output,maximum changes positive Output,output change Positive Maximum,output_ramp_Heat,positive_maximum_Output_change
Change_positive_Output_maximum,Maximum changes output positive,Output change Maximum positive,Output_ramp,Positive_maximum_Output_Changes,change_positive_maximum_output,maximum changes positive output,output change Positive maximum,output_ramp_Positive,positive_maximum_Output_changes
Change_positive_maximum_Output,Maximum changes positive Output,Output change Positive Maximum,Output_ramp_Heat,Positive_maximum_Output_change,change_positive_output_Maximum,maximum output Change Positive,output change maximum Positive,output_ramp_Power,positive_maximum_change_Output
Change_positive_maximum_output,Maximum changes positive output,Output change Positive maximum,Output_ramp_Positive,Positive_maximum_Output_changes,change_positive_output_maximum,maximum output Change positive,output change maximum positive,output_ramp_heat,positive_maximum_change_output
Change_positive_output_Maximum,Maximum output Change Positive,Output change maximum Positive,Output_ramp_Power,Positive_maximum_change_Output,changes Maximum Output Positive,maximum output Changes Positive,output change positive Maximum,output_ramp_positive,positive_maximum_changes_Output
Change_positive_output_maximum,Maximum output Change positive,Output change maximum positive,Output_ramp_heat,Positive_maximum_change_output,changes Maximum Output positive,maximum output Changes positive,output change positive maximum,output_ramp_power,positive_maximum_changes_output
Changes Maximum Output Positive,Maximum output Changes Positive,Output change positive Maximum,Output_ramp_positive,Positive_maximum_changes_Output,changes Maximum Positive Output,maximum output Positive Change,output changes Maximum Positive,pg Output,positive_maximum_output_Change
Changes Maximum Output positive,Maximum output Changes positive,Output change positive maximum,Output_ramp_power,Positive_maximum_changes_output,changes Maximum Positive output,maximum output Positive Changes,output changes Maximum positive,pg output,positive_maximum_output_Changes
Changes Maximum Positive Output,Maximum output Positive Change,Output changes Maximum Positive,Pg Output,Positive_maximum_output_Change,changes Maximum output Positive,maximum output Positive change,output changes Positive Maximum,pg_Output,positive_maximum_output_change
Changes Maximum Positive output,Maximum output Positive Changes,Output changes Maximum positive,Pg output,Positive_maximum_output_Changes,changes Maximum output positive,maximum output Positive changes,output changes Positive maximum,pg_output,positive_maximum_output_changes
Changes Maximum output Positive,Maximum output Positive change,Output changes Positive Maximum,Pg_Output,Positive_maximum_output_change,changes Maximum positive Output,maximum output change Positive,output changes maximum Positive,positive Change Maximum Output,positive_output_Change_Maximum
Changes Maximum output positive,Maximum output Positive changes,Output changes Positive maximum,Pg_output,Positive_maximum_output_changes,changes Maximum positive output,maximum output change positive,output changes maximum positive,positive Change Maximum output,positive_output_Change_maximum
Changes Maximum positive Output,Maximum output change Positive,Output changes maximum Positive,Positive Change Maximum Output,Positive_output_Change_Maximum,changes Output Maximum Positive,maximum output changes Positive,output changes positive Maximum,positive Change Output Maximum,positive_output_Changes_Maximum
Changes Maximum positive output,Maximum output change positive,Output changes maximum positive,Positive Change Maximum output,Positive_output_Change_maximum,changes Output Maximum positive,maximum output changes positive,output changes positive maximum,positive Change Output maximum,positive_output_Changes_maximum
Changes Output Maximum Positive,Maximum output changes Positive,Output changes positive Maximum,Positive Change Output Maximum,Positive_output_Changes_Maximum,changes Output Positive Maximum,maximum output positive Change,output gradient,positive Change maximum Output,positive_output_Gradient
Changes Output Maximum positive,Maximum output changes positive,Output changes positive maximum,Positive Change Output maximum,Positive_output_Changes_maximum,changes Output Positive maximum,maximum output positive Changes,output gradient Positive,positive Change maximum output,positive_output_Maximum_Change
Changes Output Positive Maximum,Maximum output positive Change,Output gradient,Positive Change maximum Output,Positive_output_Gradient,changes Output maximum Positive,maximum output positive change,output gradient positive,positive Change output Maximum,positive_output_Maximum_Changes
Changes Output Positive maximum,Maximum output positive Changes,Output gradient Positive,Positive Change maximum output,Positive_output_Maximum_Change,changes Output maximum positive,maximum output positive changes,output heat Ramp,positive Change output maximum,positive_output_Maximum_change
Changes Output maximum Positive,Maximum output positive change,Output gradient positive,Positive Change output Maximum,Positive_output_Maximum_Changes,changes Output positive Maximum,maximum positive Change Output,output heat ramp,positive Changes Maximum Output,positive_output_Maximum_changes
Changes Output maximum positive,Maximum output positive changes,Output heat Ramp,Positive Change output maximum,Positive_output_Maximum_change,changes Output positive maximum,maximum positive Change output,output hr,positive Changes Maximum output,positive_output_Ramp
Changes Output positive Maximum,Maximum positive Change Output,Output heat ramp,Positive Changes Maximum Output,Positive_output_Maximum_changes,changes Positive Maximum Output,maximum positive Changes Output,output maximum Change Positive,positive Changes Output Maximum,positive_output_change_Maximum
Changes Output positive maximum,Maximum positive Change output,Output hr,Positive Changes Maximum output,Positive_output_Ramp,changes Positive Maximum output,maximum positive Changes output,output maximum Change positive,positive Changes Output maximum,positive_output_change_maximum
Changes Positive Maximum Output,Maximum positive Changes Output,Output maximum Change Positive,Positive Changes Output Maximum,Positive_output_change_Maximum,changes Positive Output Maximum,maximum positive Output Change,output maximum Changes Positive,positive Changes maximum Output,positive_output_changes_Maximum
Changes Positive Maximum output,Maximum positive Changes output,Output maximum Change positive,Positive Changes Output maximum,Positive_output_change_maximum,changes Positive Output maximum,maximum positive Output Changes,output maximum Changes positive,positive Changes maximum output,positive_output_changes_maximum
Changes Positive Output Maximum,Maximum positive Output Change,Output maximum Changes Positive,Positive Changes maximum Output,Positive_output_changes_Maximum,changes Positive maximum Output,maximum positive Output change,output maximum Positive Change,positive Changes output Maximum,positive_output_gradient
Changes Positive Output maximum,Maximum positive Output Changes,Output maximum Changes positive,Positive Changes maximum output,Positive_output_changes_maximum,changes Positive maximum output,maximum positive Output changes,output maximum Positive Changes,positive Changes output maximum,positive_output_maximum_Change
Changes Positive maximum Output,Maximum positive Output change,Output maximum Positive Change,Positive Changes output Maximum,Positive_output_gradient,changes Positive output Maximum,maximum positive change Output,output maximum Positive change,positive Gradient Output,positive_output_maximum_Changes
Changes Positive maximum output,Maximum positive Output changes,Output maximum Positive Changes,Positive Changes output maximum,Positive_output_maximum_Change,changes Positive output maximum,maximum positive change output,output maximum Positive changes,positive Gradient output,positive_output_maximum_change
Changes Positive output Maximum,Maximum positive change Output,Output maximum Positive change,Positive Gradient Output,Positive_output_maximum_Changes,changes maximum Output Positive,maximum positive changes Output,output maximum change Positive,positive Maximum Change Output,positive_output_maximum_changes
Changes Positive output maximum,Maximum positive change output,Output maximum Positive changes,Positive Gradient output,Positive_output_maximum_change,changes maximum Output positive,maximum positive changes output,output maximum change positive,positive Maximum Change output,positive_output_ramp
Changes maximum Output Positive,Maximum positive changes Output,Output maximum change Positive,Positive Maximum Change Output,Positive_output_maximum_changes,changes maximum Positive Output,maximum positive output Change,output maximum changes Positive,positive Maximum Changes Output,positive_ramp_Output
Changes maximum Output positive,Maximum positive changes output,Output maximum change positive,Positive Maximum Change output,Positive_output_ramp,changes maximum Positive output,maximum positive output Changes,output maximum changes positive,positive Maximum Changes output,positive_ramp_output
Changes maximum Positive Output,Maximum positive output Change,Output maximum changes Positive,Positive Maximum Changes Output,Positive_ramp_Output,changes maximum output Positive,maximum positive output change,output maximum positive Change,positive Maximum Output Change,power Output Ramp
Changes maximum Positive output,Maximum positive output Changes,Output maximum changes positive,Positive Maximum Changes output,Positive_ramp_output,changes maximum output positive,maximum positive output changes,output maximum positive Changes,positive Maximum Output Changes,power Output ramp
Changes maximum output Positive,Maximum positive output change,Output maximum positive Change,Positive Maximum Output Change,Power Output Ramp,changes maximum positive Output,maximum_Change_Output_Positive,output maximum positive change,positive Maximum Output change,power Ramp Output
Changes maximum output positive,Maximum positive output changes,Output maximum positive Changes,Positive Maximum Output Changes,Power Output ramp,changes maximum positive output,maximum_Change_Output_positive,output maximum positive changes,positive Maximum Output changes,power Ramp output
Changes maximum positive Output,Maximum_Change_Output_Positive,Output maximum positive change,Positive Maximum Output change,Power Ramp Output,changes output Maximum Positive,maximum_Change_Positive_Output,output pg,positive Maximum change Output,power output Ramp
Changes maximum positive output,Maximum_Change_Output_positive,Output maximum positive changes,Positive Maximum Output changes,Power Ramp output,changes output Maximum positive,maximum_Change_Positive_output,output positive Change Maximum,positive Maximum change output,power output ramp
Changes output Maximum Positive,Maximum_Change_Positive_Output,Output pg,Positive Maximum change Output,Power output Ramp,changes output Positive Maximum,maximum_Change_output_Positive,output positive Change maximum,positive Maximum changes Output,power ramp Output
Changes output Maximum positive,Maximum_Change_Positive_output,Output positive Change Maximum,Positive Maximum change output,Power output ramp,changes output Positive maximum,maximum_Change_output_positive,output positive Changes Maximum,positive Maximum changes output,power ramp output
Changes output Positive Maximum,Maximum_Change_output_Positive,Output positive Change maximum,Positive Maximum changes Output,Power ramp Output,changes output maximum Positive,maximum_Change_positive_Output,output positive Changes maximum,positive Maximum output Change,power_Output_Ramp
Changes output Positive maximum,Maximum_Change_output_positive,Output positive Changes Maximum,Positive Maximum changes output,Power ramp output,changes output maximum positive,maximum_Change_positive_output,output positive Gradient,positive Maximum output Changes,power_Output_ramp
Changes output maximum Positive,Maximum_Change_positive_Output,Output positive Changes maximum,Positive Maximum output Change,Power_Output_Ramp,changes output positive Maximum,maximum_Changes_Output_Positive,output positive Maximum Change,positive Maximum output change,power_Ramp_Output
Changes output maximum positive,Maximum_Change_positive_output,Output positive Gradient,Positive Maximum output Changes,Power_Output_ramp,changes output positive maximum,maximum_Changes_Output_positive,output positive Maximum Changes,positive Maximum output changes,power_Ramp_output
Changes output positive Maximum,Maximum_Changes_Output_Positive,Output positive Maximum Change,Positive Maximum output change,Power_Ramp_Output,changes positive Maximum Output,maximum_Changes_Positive_Output,output positive Maximum change,positive Output Change Maximum,power_output_Ramp
Changes output positive maximum,Maximum_Changes_Output_positive,Output positive Maximum Changes,Positive Maximum output changes,Power_Ramp_output,changes positive Maximum output,maximum_Changes_Positive_output,output positive Maximum changes,positive Output Change maximum,power_output_ramp
Changes positive Maximum Output,Maximum_Changes_Positive_Output,Output positive Maximum change,Positive Output Change Maximum,Power_output_Ramp,changes positive Output Maximum,maximum_Changes_output_Positive,output positive Ramp,positive Output Changes Maximum,power_ramp_Output
Changes positive Maximum output,Maximum_Changes_Positive_output,Output positive Maximum changes,Positive Output Change maximum,Power_output_ramp,changes positive Output maximum,maximum_Changes_output_positive,output positive change Maximum,positive Output Changes maximum,power_ramp_output
Changes positive Output Maximum,Maximum_Changes_output_Positive,Output positive Ramp,Positive Output Changes Maximum,Power_ramp_Output,changes positive maximum Output,maximum_Changes_positive_Output,output positive change maximum,positive Output Gradient,pr Output
Changes positive Output maximum,Maximum_Changes_output_positive,Output positive change Maximum,Positive Output Changes maximum,Power_ramp_output,changes positive maximum output,maximum_Changes_positive_output,output positive changes Maximum,positive Output Maximum Change,pr output
Changes positive maximum Output,Maximum_Changes_positive_Output,Output positive change maximum,Positive Output Gradient,Pr Output,changes positive output Maximum,maximum_Output_Change_Positive,output positive changes maximum,positive Output Maximum Changes,pr_Output
Changes positive maximum output,Maximum_Changes_positive_output,Output positive changes Maximum,Positive Output Maximum Change,Pr output,changes positive output maximum,maximum_Output_Change_positive,output positive gradient,positive Output Maximum change,pr_output
Changes positive output Maximum,Maximum_Output_Change_Positive,Output positive changes maximum,Positive Output Maximum Changes,Pr_Output,changes_Maximum_Output_Positive,maximum_Output_Changes_Positive,output positive maximum Change,positive Output Maximum changes,pramp Output
Changes positive output maximum,Maximum_Output_Change_positive,Output positive gradient,Positive Output Maximum change,Pr_output,changes_Maximum_Output_positive,maximum_Output_Changes_positive,output positive maximum Changes,positive Output Ramp,pramp output
Changes_Maximum_Output_Positive,Maximum_Output_Changes_Positive,Output positive maximum Change,Positive Output Maximum changes,Pramp Output,changes_Maximum_Positive_Output,maximum_Output_Positive_Change,output positive maximum change,positive Output change Maximum,pramp_Output
Changes_Maximum_Output_positive,Maximum_Output_Changes_positive,Output positive maximum Changes,Positive Output Ramp,Pramp output,changes_Maximum_Positive_output,maximum_Output_Positive_Changes,output positive maximum changes,positive Output change maximum,pramp_output
Changes_Maximum_Positive_Output,Maximum_Output_Positive_Change,Output positive maximum change,Positive Output change Maximum,Pramp_Output,changes_Maximum_output_Positive,maximum_Output_Positive_change,output positive ramp,positive Output changes Maximum,ramp Heat Output
Changes_Maximum_Positive_output,Maximum_Output_Positive_Changes,Output positive maximum changes,Positive Output change maximum,Pramp_output,changes_Maximum_output_positive,maximum_Output_Positive_changes,output power Ramp,positive Output changes maximum,ramp Heat output
Changes_Maximum_output_Positive,Maximum_Output_Positive_change,Output positive ramp,Positive Output changes Maximum,Ramp Heat Output,changes_Maximum_positive_Output,maximum_Output_change_Positive,output power ramp,positive Output gradient,ramp Output
Changes_Maximum_output_positive,Maximum_Output_Positive_changes,Output power Ramp,Positive Output changes maximum,Ramp Heat output,changes_Maximum_positive_output,maximum_Output_change_positive,output pr,positive Output maximum Change,ramp Output Heat
Changes_Maximum_positive_Output,Maximum_Output_change_Positive,Output power ramp,Positive Output gradient,Ramp Output,changes_Output_Maximum_Positive,maximum_Output_changes_Positive,output pramp,positive Output maximum Changes,ramp Output Positive
Changes_Maximum_positive_output,Maximum_Output_change_positive,Output pr,Positive Output maximum Change,Ramp Output Heat,changes_Output_Maximum_positive,maximum_Output_changes_positive,output ramp,positive Output maximum change,ramp Output Power
Changes_Output_Maximum_Positive,Maximum_Output_changes_Positive,Output pramp,Positive Output maximum Changes,Ramp Output Positive,changes_Output_Positive_Maximum,maximum_Output_positive_Change,output ramp Heat,positive Output maximum changes,ramp Output heat
Changes_Output_Maximum_positive,Maximum_Output_changes_positive,Output ramp,Positive Output maximum change,Ramp Output Power,changes_Output_Positive_maximum,maximum_Output_positive_Changes,output ramp Positive,positive Output ramp,ramp Output positive
Changes_Output_Positive_Maximum,Maximum_Output_positive_Change,Output ramp Heat,Positive Output maximum changes,Ramp Output heat,changes_Output_maximum_Positive,maximum_Output_positive_change,output ramp Power,positive Ramp Output,ramp Output power
Changes_Output_Positive_maximum,Maximum_Output_positive_Changes,Output ramp Positive,Positive Output ramp,Ramp Output positive,changes_Output_maximum_positive,maximum_Output_positive_changes,output ramp heat,positive Ramp output,ramp Positive Output
Changes_Output_maximum_Positive,Maximum_Output_positive_change,Output ramp Power,Positive Ramp Output,Ramp Output power,changes_Output_positive_Maximum,maximum_Positive_Change_Output,output ramp positive,positive change Maximum Output,ramp Positive output
Changes_Output_maximum_positive,Maximum_Output_positive_changes,Output ramp heat,Positive Ramp output,Ramp Positive Output,changes_Output_positive_maximum,maximum_Positive_Change_output,output ramp power,positive change Maximum output,ramp Power Output
Changes_Output_positive_Maximum,Maximum_Positive_Change_Output,Output ramp positive,Positive change Maximum Output,Ramp Positive output,changes_Positive_Maximum_Output,maximum_Positive_Changes_Output,output_Change_Maximum_Positive,positive change Output Maximum,ramp Power output
Changes_Output_positive_maximum,Maximum_Positive_Change_output,Output ramp power,Positive change Maximum output,Ramp Power Output,changes_Positive_Maximum_output,maximum_Positive_Changes_output,output_Change_Maximum_positive,positive change Output maximum,ramp heat Output
Changes_Positive_Maximum_Output,Maximum_Positive_Changes_Output,Output_Change_Maximum_Positive,Positive change Output Maximum,Ramp Power output,changes_Positive_Output_Maximum,maximum_Positive_Output_Change,output_Change_Positive_Maximum,positive change maximum Output,ramp heat output
Changes_Positive_Maximum_output,Maximum_Positive_Changes_output,Output_Change_Maximum_positive,Positive change Output maximum,Ramp heat Output,changes_Positive_Output_maximum,maximum_Positive_Output_Changes,output_Change_Positive_maximum,positive change maximum output,ramp output
Changes_Positive_Output_Maximum,Maximum_Positive_Output_Change,Output_Change_Positive_Maximum,Positive change maximum Output,Ramp heat output,changes_Positive_maximum_Output,maximum_Positive_Output_change,output_Change_maximum_Positive,positive change output Maximum,ramp output Heat
Changes_Positive_Output_maximum,Maximum_Positive_Output_Changes,Output_Change_Positive_maximum,Positive change maximum output,Ramp output,changes_Positive_maximum_output,maximum_Positive_Output_changes,output_Change_maximum_positive,positive change output maximum,ramp output Positive
Changes_Positive_maximum_Output,Maximum_Positive_Output_change,Output_Change_maximum_Positive,Positive change output Maximum,Ramp output Heat,changes_Positive_output_Maximum,maximum_Positive_change_Output,output_Change_positive_Maximum,positive changes Maximum Output,ramp output Power
Changes_Positive_maximum_output,Maximum_Positive_Output_changes,Output_Change_maximum_positive,Positive change output maximum,Ramp output Positive,changes_Positive_output_maximum,maximum_Positive_change_output,output_Change_positive_maximum,positive changes Maximum output,ramp output heat
Changes_Positive_output_Maximum,Maximum_Positive_change_Output,Output_Change_positive_Maximum,Positive changes Maximum Output,Ramp output Power,changes_maximum_Output_Positive,maximum_Positive_changes_Output,output_Changes_Maximum_Positive,positive changes Output Maximum,ramp output positive
Changes_Positive_output_maximum,Maximum_Positive_change_output,Output_Change_positive_maximum,Positive changes Maximum output,Ramp output heat,changes_maximum_Output_positive,maximum_Positive_changes_output,output_Changes_Maximum_positive,positive changes Output maximum,ramp output power
Changes_maximum_Output_Positive,Maximum_Positive_changes_Output,Output_Changes_Maximum_Positive,Positive changes Output Maximum,Ramp output positive,changes_maximum_Positive_Output,maximum_Positive_output_Change,output_Changes_Positive_Maximum,positive changes maximum Output,ramp positive Output
Changes_maximum_Output_positive,Maximum_Positive_changes_output,Output_Changes_Maximum_positive,Positive changes Output maximum,Ramp output power,changes_maximum_Positive_output,maximum_Positive_output_Changes,output_Changes_Positive_maximum,positive changes maximum output,ramp positive output
Changes_maximum_Positive_Output,Maximum_Positive_output_Change,Output_Changes_Positive_Maximum,Positive changes maximum Output,Ramp positive Output,changes_maximum_output_Positive,maximum_Positive_output_change,output_Changes_maximum_Positive,positive changes output Maximum,ramp power Output
Changes_maximum_Positive_output,Maximum_Positive_output_Changes,Output_Changes_Positive_maximum,Positive changes maximum output,Ramp positive output,changes_maximum_output_positive,maximum_Positive_output_changes,output_Changes_maximum_positive,positive changes output maximum,ramp power output
Changes_maximum_output_Positive,Maximum_Positive_output_change,Output_Changes_maximum_Positive,Positive changes output Maximum,Ramp power Output,changes_maximum_positive_Output,maximum_change_Output_Positive,output_Changes_positive_Maximum,positive gradient Output,ramp_Heat_Output
Changes_maximum_output_positive,Maximum_Positive_output_changes,Output_Changes_maximum_positive,Positive changes output maximum,Ramp power output,changes_maximum_positive_output,maximum_change_Output_positive,output_Changes_positive_maximum,positive gradient output,ramp_Heat_output
Changes_maximum_positive_Output,Maximum_change_Output_Positive,Output_Changes_positive_Maximum,Positive gradient Output,Ramp_Heat_Output,changes_output_Maximum_Positive,maximum_change_Positive_Output,output_Gradient,positive maximum Change Output,ramp_Output
Changes_maximum_positive_output,Maximum_change_Output_positive,Output_Changes_positive_maximum,Positive gradient output,Ramp_Heat_output,changes_output_Maximum_positive,maximum_change_Positive_output,output_Gradient_Positive,positive maximum Change output,ramp_Output_Heat
Changes_output_Maximum_Positive,Maximum_change_Positive_Output,Output_Gradient,Positive maximum Change Output,Ramp_Output,changes_output_Positive_Maximum,maximum_change_output_Positive,output_Gradient_positive,positive maximum Changes Output,ramp_Output_Positive
Changes_output_Maximum_positive,Maximum_change_Positive_output,Output_Gradient_Positive,Positive maximum Change output,Ramp_Output_Heat,changes_output_Positive_maximum,maximum_change_output_positive,output_Heat_Ramp,positive maximum Changes output,ramp_Output_Power
Changes_output_Positive_Maximum,Maximum_change_output_Positive,Output_Gradient_positive,Positive maximum Changes Output,Ramp_Output_Positive,changes_output_maximum_Positive,maximum_change_positive_Output,output_Heat_ramp,positive maximum Output Change,ramp_Output_heat
Changes_output_Positive_maximum,Maximum_change_output_positive,Output_Heat_Ramp,Positive maximum Changes output,Ramp_Output_Power,changes_output_maximum_positive,maximum_change_positive_output,output_Hr,positive maximum Output Changes,ramp_Output_positive
Changes_output_maximum_Positive,Maximum_change_positive_Output,Output_Heat_ramp,Positive maximum Output Change,Ramp_Output_heat,changes_output_positive_Maximum,maximum_changes_Output_Positive,output_Maximum_Change_Positive,positive maximum Output change,ramp_Output_power
Changes_output_maximum_positive,Maximum_change_positive_output,Output_Hr,Positive maximum Output Changes,Ramp_Output_positive,changes_output_positive_maximum,maximum_changes_Output_positive,output_Maximum_Change_positive,positive maximum Output changes,ramp_Positive_Output
Changes_output_positive_Maximum,Maximum_changes_Output_Positive,Output_Maximum_Change_Positive,Positive maximum Output change,Ramp_Output_power,changes_positive_Maximum_Output,maximum_changes_Positive_Output,output_Maximum_Changes_Positive,positive maximum change Output,ramp_Positive_output
Changes_output_positive_maximum,Maximum_changes_Output_positive,Output_Maximum_Change_positive,Positive maximum Output changes,Ramp_Positive_Output,changes_positive_Maximum_output,maximum_changes_Positive_output,output_Maximum_Changes_positive,positive maximum change output,ramp_Power_Output
Changes_positive_Maximum_Output,Maximum_changes_Positive_Output,Output_Maximum_Changes_Positive,Positive maximum change Output,Ramp_Positive_output,changes_positive_Output_Maximum,maximum_changes_output_Positive,output_Maximum_Positive_Change,positive maximum changes Output,ramp_Power_output
Changes_positive_Maximum_output,Maximum_changes_Positive_output,Output_Maximum_Changes_positive,Positive maximum change output,Ramp_Power_Output,changes_positive_Output_maximum,maximum_changes_output_positive,output_Maximum_Positive_Changes,positive maximum changes output,ramp_heat_Output
Changes_positive_Output_Maximum,Maximum_changes_output_Positive,Output_Maximum_Positive_Change,Positive maximum changes Output,Ramp_Power_output,changes_positive_maximum_Output,maximum_changes_positive_Output,output_Maximum_Positive_change,positive maximum output Change,ramp_heat_output
Changes_positive_Output_maximum,Maximum_changes_output_positive,Output_Maximum_Positive_Changes,Positive maximum changes output,Ramp_heat_Output,changes_positive_maximum_output,maximum_changes_positive_output,output_Maximum_Positive_changes,positive maximum output Changes,ramp_output
Changes_positive_maximum_Output,Maximum_changes_positive_Output,Output_Maximum_Positive_change,Positive maximum output Change,Ramp_heat_output,changes_positive_output_Maximum,maximum_output_Change_Positive,output_Maximum_change_Positive,positive maximum output change,ramp_output_Heat
Changes_positive_maximum_output,Maximum_changes_positive_output,Output_Maximum_Positive_changes,Positive maximum output Changes,Ramp_output,changes_positive_output_maximum,maximum_output_Change_positive,output_Maximum_change_positive,positive maximum output changes,ramp_output_Positive
Changes_positive_output_Maximum,Maximum_output_Change_Positive,Output_Maximum_change_Positive,Positive maximum output change,Ramp_output_Heat,gradient Output,maximum_output_Changes_Positive,output_Maximum_changes_Positive,positive output Change Maximum,ramp_output_Power
Changes_positive_output_maximum,Maximum_output_Change_positive,Output_Maximum_change_positive,Positive maximum output changes,Ramp_output_Positive,gradient Output Positive,maximum_output_Changes_positive,output_Maximum_changes_positive,positive output Change maximum,ramp_output_heat
Gradient Output,Maximum_output_Changes_Positive,Output_Maximum_changes_Positive,Positive output Change Maximum,Ramp_output_Power,gradient Output positive,maximum_output_Positive_Change,output_Maximum_positive_Change,positive output Changes Maximum,ramp_output_positive
Gradient Output Positive,Maximum_output_Changes_positive,Output_Maximum_changes_positive,Positive output Change maximum,Ramp_output_heat,gradient Positive Output,maximum_output_Positive_Changes,output_Maximum_positive_Changes,positive output Changes maximum,ramp_output_power
Gradient Output positive,Maximum_output_Positive_Change,Output_Maximum_positive_Change,Positive output Changes Maximum,Ramp_output_positive,gradient Positive output,maximum_output_Positive_change,output_Maximum_positive_change,positive output Gradient,ramp_positive_Output
Gradient Positive Output,Maximum_output_Positive_Changes,Output_Maximum_positive_Changes,Positive output Changes maximum,Ramp_output_power,gradient output,maximum_output_Positive_changes,output_Maximum_positive_changes,positive output Maximum Change,ramp_positive_output
Gradient Positive output,Maximum_output_Positive_change,Output_Maximum_positive_change,Positive output Gradient,Ramp_positive_Output,gradient output Positive,maximum_output_change_Positive,output_Pg,positive output Maximum Changes,ramp_power_Output
Gradient output,Maximum_output_Positive_changes,Output_Maximum_positive_changes,Positive output Maximum Change,Ramp_positive_output,gradient output positive,maximum_output_change_positive,output_Positive_Change_Maximum,positive output Maximum change,ramp_power_output
Gradient output Positive,Maximum_output_change_Positive,Output_Pg,Positive output Maximum Changes,Ramp_power_Output,gradient positive Output,maximum_output_changes_Positive,output_Positive_Change_maximum,positive output Maximum changes,
Gradient output positive,Maximum_output_change_positive,Output_Positive_Change_Maximum,Positive output Maximum change,Ramp_power_output,gradient positive output,maximum_output_changes_positive,output_Positive_Changes_Maximum,positive output Ramp,
Gradient positive Output,Maximum_output_changes_Positive,Output_Positive_Change_maximum,Positive output Maximum changes,change Maximum Output Positive,gradient_Output,maximum_output_positive_Change,output_Positive_Changes_maximum,positive output change Maximum,
Gradient positive output,Maximum_output_changes_positive,Output_Positive_Changes_Maximum,Positive output Ramp,change Maximum Output positive,gradient_Output_Positive,maximum_output_positive_Changes,output_Positive_Gradient,positive output change maximum,
