Apt Maximum Output,Maximum_Output_Apt,apt Maximum output,maximum_Output_Apts
Apt Maximum output,Maximum_Output_Apts,apt Output Maximum,maximum_Output_apt
Apt Output Maximum,Maximum_Output_apt,apt Output maximum,maximum_Output_apts
Apt Output maximum,Maximum_Output_apts,apt maximum Output,maximum_Performance
Apt maximum Output,Maximum_Performance,apt maximum output,maximum_apt_Output
Apt maximum output,Maximum_apt_Output,apt output Maximum,maximum_apt_output
Apt output Maximum,Maximum_apt_output,apt output maximum,maximum_apts_Output
Apt output maximum,Maximum_apts_Output,apt_Maximum_Output,maximum_apts_output
Apt_Maximum_Output,Maximum_apts_output,apt_Maximum_output,maximum_output
Apt_Maximum_output,Maximum_output,apt_Output_Maximum,maximum_output_Apt
Apt_Output_Maximum,Maximum_output_Apt,apt_Output_maximum,maximum_output_Apts
Apt_Output_maximum,Maximum_output_Apts,apt_maximum_Output,maximum_output_apt
Apt_maximum_Output,Maximum_output_apt,apt_maximum_output,maximum_output_apts
Apt_maximum_output,Maximum_output_apts,apt_output_Maximum,maximum_performance
Apt_output_Maximum,Maximum_performance,apt_output_maximum,o Max
Apt_output_maximum,O Max,apts Maximum Output,o max
Apts Maximum Output,O max,apts Maximum output,o_Max
Apts Maximum output,O_Max,apts Output Maximum,o_max
Apts Output Maximum,O_max,apts Output maximum,omax
Apts Output maximum,Omax,apts maximum Output,output Apt Maximum
Apts maximum Output,Output Apt Maximum,apts maximum output,output Apt maximum
Apts maximum output,Output Apt maximum,apts output Maximum,output Apts Maximum
Apts output Maximum,Output Apts Maximum,apts output maximum,output Apts maximum
Apts output maximum,Output Apts maximum,apts_Maximum_Output,output Max
Apts_Maximum_Output,Output Max,apts_Maximum_output,output Maximum
Apts_Maximum_output,Output Maximum,apts_Output_Maximum,output Maximum Apt
Apts_Output_Maximum,Output Maximum Apt,apts_Output_maximum,output Maximum Apts
Apts_Output_maximum,Output Maximum Apts,apts_maximum_Output,output Maximum apt
Apts_maximum_Output,Output Maximum apt,apts_maximum_output,output Maximum apts
Apts_maximum_output,Output Maximum apts,apts_output_Maximum,output apt Maximum
Apts_output_Maximum,Output apt Maximum,apts_output_maximum,output apt maximum
Apts_output_maximum,Output apt maximum,max O,output apts Maximum
Max O,Output apts Maximum,max Output,output apts maximum
Max Output,Output apts maximum,max o,output max
Max o,Output max,max output,output maximum
Max output,Output maximum,max_O,output maximum Apt
Max_O,Output maximum Apt,max_Output,output maximum Apts
Max_Output,Output maximum Apts,max_o,output maximum apt
Max_o,Output maximum apt,max_output,output maximum apts
Max_output,Output maximum apts,maximum Apt Output,output_Apt_Maximum
Maximum Apt Output,Output_Apt_Maximum,maximum Apt output,output_Apt_maximum
Maximum Apt output,Output_Apt_maximum,maximum Apts Output,output_Apts_Maximum
Maximum Apts Output,Output_Apts_Maximum,maximum Apts output,output_Apts_maximum
Maximum Apts output,Output_Apts_maximum,maximum Output,output_Max
Maximum Output,Output_Max,maximum Output Apt,output_Maximum
Maximum Output Apt,Output_Maximum,maximum Output Apts,output_Maximum_Apt
Maximum Output Apts,Output_Maximum_Apt,maximum Output apt,output_Maximum_Apts
Maximum Output apt,Output_Maximum_Apts,maximum Output apts,output_Maximum_apt
Maximum Output apts,Output_Maximum_apt,maximum Performance,output_Maximum_apts
Maximum Performance,Output_Maximum_apts,maximum apt Output,output_apt_Maximum
Maximum apt Output,Output_apt_Maximum,maximum apt output,output_apt_maximum
Maximum apt output,Output_apt_maximum,maximum apts Output,output_apts_Maximum
Maximum apts Output,Output_apts_Maximum,maximum apts output,output_apts_maximum
Maximum apts output,Output_apts_maximum,maximum output,output_max
Maximum output,Output_max,maximum output Apt,output_maximum
Maximum output Apt,Output_maximum,maximum output Apts,output_maximum_Apt
Maximum output Apts,Output_maximum_Apt,maximum output apt,output_maximum_Apts
Maximum output apt,Output_maximum_Apts,maximum output apts,output_maximum_apt
Maximum output apts,Output_maximum_apt,maximum performance,output_maximum_apts
Maximum performance,Output_maximum_apts,maximum_Apt_Output,performance Maximum
Maximum_Apt_Output,Performance Maximum,maximum_Apt_output,performance maximum
Maximum_Apt_output,Performance maximum,maximum_Apts_Output,performance_Maximum
Maximum_Apts_Output,Performance_Maximum,maximum_Apts_output,performance_maximum
Maximum_Apts_output,Performance_maximum,maximum_Output,
Maximum_Output,apt Maximum Output,maximum_Output_Apt,
