Costs Electricity,Electricity_costs_Generation,costs Electricity,electricity_costs_Generation
Costs Electricity Generation,Electricity_costs_generation,costs Electricity Generation,electricity_costs_generation
Costs Electricity generation,Electricity_generation_Costs,costs Electricity generation,electricity_generation_Costs
Costs Generation Electricity,Electricity_generation_costs,costs Generation Electricity,electricity_generation_costs
Costs Generation Power,Generation Costs Electricity,costs Generation Power,generation Costs Electricity
Costs Generation electricity,Generation Costs Power,costs Generation electricity,generation Costs Power
Costs Generation power,Generation Costs electricity,costs Generation power,generation Costs electricity
Costs Power,Generation Costs power,costs Power,generation Costs power
Costs Power Generation,Generation Electricity Costs,costs Power Generation,generation Electricity Costs
Costs Power generation,Generation Electricity costs,costs Power generation,generation Electricity costs
Costs electricity,Generation Power Costs,costs electricity,generation Power Costs
Costs electricity Generation,Generation Power costs,costs electricity Generation,generation Power costs
Costs electricity generation,Generation costs Electricity,costs electricity generation,generation costs Electricity
Costs generation Electricity,Generation costs Power,costs generation Electricity,generation costs Power
Costs generation Power,Generation costs electricity,costs generation Power,generation costs electricity
Costs generation electricity,Generation costs power,costs generation electricity,generation costs power
Costs generation power,Generation electricity Costs,costs generation power,generation electricity Costs
Costs power,Generation electricity costs,costs power,generation electricity costs
Costs power Generation,Generation power Costs,costs power Generation,generation power Costs
Costs power generation,Generation power costs,costs power generation,generation power costs
Costs_Electricity,Generation_Costs_Electricity,costs_Electricity,generation_Costs_Electricity
Costs_Electricity_Generation,Generation_Costs_Power,costs_Electricity_Generation,generation_Costs_Power
Costs_Electricity_generation,Generation_Costs_electricity,costs_Electricity_generation,generation_Costs_electricity
Costs_Generation_Electricity,Generation_Costs_power,costs_Generation_Electricity,generation_Costs_power
Costs_Generation_Power,Generation_Electricity_Costs,costs_Generation_Power,generation_Electricity_Costs
Costs_Generation_electricity,Generation_Electricity_costs,costs_Generation_electricity,generation_Electricity_costs
Costs_Generation_power,Generation_Power_Costs,costs_Generation_power,generation_Power_Costs
Costs_Power,Generation_Power_costs,costs_Power,generation_Power_costs
Costs_Power_Generation,Generation_costs_Electricity,costs_Power_Generation,generation_costs_Electricity
Costs_Power_generation,Generation_costs_Power,costs_Power_generation,generation_costs_Power
Costs_electricity,Generation_costs_electricity,costs_electricity,generation_costs_electricity
Costs_electricity_Generation,Generation_costs_power,costs_electricity_Generation,generation_costs_power
Costs_electricity_generation,Generation_electricity_Costs,costs_electricity_generation,generation_electricity_Costs
Costs_generation_Electricity,Generation_electricity_costs,costs_generation_Electricity,generation_electricity_costs
Costs_generation_Power,Generation_power_Costs,costs_generation_Power,generation_power_Costs
Costs_generation_electricity,Generation_power_costs,costs_generation_electricity,generation_power_costs
Costs_generation_power,Power Costs,costs_generation_power,power Costs
Costs_power,Power Costs Generation,costs_power,power Costs Generation
Costs_power_Generation,Power Costs generation,costs_power_Generation,power Costs generation
Costs_power_generation,Power Generation Costs,costs_power_generation,power Generation Costs
Electricity Costs,Power Generation costs,electricity Costs,power Generation costs
Electricity Costs Generation,Power costs,electricity Costs Generation,power costs
Electricity Costs generation,Power costs Generation,electricity Costs generation,power costs Generation
Electricity Generation Costs,Power costs generation,electricity Generation Costs,power costs generation
Electricity Generation costs,Power generation Costs,electricity Generation costs,power generation Costs
Electricity costs,Power generation costs,electricity costs,power generation costs
Electricity costs Generation,Power_Costs,electricity costs Generation,power_Costs
Electricity costs generation,Power_Costs_Generation,electricity costs generation,power_Costs_Generation
Electricity generation Costs,Power_Costs_generation,electricity generation Costs,power_Costs_generation
Electricity generation costs,Power_Generation_Costs,electricity generation costs,power_Generation_Costs
Electricity_Costs,Power_Generation_costs,electricity_Costs,power_Generation_costs
Electricity_Costs_Generation,Power_costs,electricity_Costs_Generation,power_costs
Electricity_Costs_generation,Power_costs_Generation,electricity_Costs_generation,power_costs_Generation
Electricity_Generation_Costs,Power_costs_generation,electricity_Generation_Costs,power_costs_generation
Electricity_Generation_costs,Power_generation_Costs,electricity_Generation_costs,power_generation_Costs
Electricity_costs,Power_generation_costs,electricity_costs,power_generation_costs
