Chp Flex Sito,Sito Chp Flex,chp Flex Sito,sito Chp Flex
Chp Flex sito,Sito Chp flex,chp Flex sito,sito Chp flex
Chp Sito Flex,Sito Chps Flex,chp Sito Flex,sito Chps Flex
Chp Sito flex,Sito Chps flex,chp Sito flex,sito Chps flex
Chp flex Sito,Sito Flex Chp,chp flex Sito,sito Flex Chp
Chp flex sito,Sito Flex Chps,chp flex sito,sito Flex Chps
Chp sito Flex,Sito Flex Transformer,chp sito Flex,sito Flex Transformer
Chp sito flex,Sito Flex Transformers,chp sito flex,sito Flex Transformers
Chp_Flex_Sito,Sito Flex chp,chp_Flex_Sito,sito Flex chp
Chp_Flex_sito,Sito Flex chps,chp_Flex_sito,sito Flex chps
Chp_Sito_Flex,Sito Flex transformer,chp_Sito_Flex,sito Flex transformer
Chp_Sito_flex,Sito Flex transformers,chp_Sito_flex,sito Flex transformers
Chp_flex_Sito,Sito Transformer Flex,chp_flex_Sito,sito Transformer Flex
Chp_flex_sito,Sito Transformer flex,chp_flex_sito,sito Transformer flex
Chp_sito_Flex,Sito Transformers Flex,chp_sito_Flex,sito Transformers Flex
Chp_sito_flex,Sito Transformers flex,chp_sito_flex,sito Transformers flex
Chps Flex Sito,Sito chp Flex,chps Flex Sito,sito chp Flex
Chps Flex sito,Sito chp flex,chps Flex sito,sito chp flex
Chps Sito Flex,Sito chps Flex,chps Sito Flex,sito chps Flex
Chps Sito flex,Sito chps flex,chps Sito flex,sito chps flex
Chps flex Sito,Sito flex Chp,chps flex Sito,sito flex Chp
Chps flex sito,Sito flex Chps,chps flex sito,sito flex Chps
Chps sito Flex,Sito flex Transformer,chps sito Flex,sito flex Transformer
Chps sito flex,Sito flex Transformers,chps sito flex,sito flex Transformers
Chps_Flex_Sito,Sito flex chp,chps_Flex_Sito,sito flex chp
Chps_Flex_sito,Sito flex chps,chps_Flex_sito,sito flex chps
Chps_Sito_Flex,Sito flex transformer,chps_Sito_Flex,sito flex transformer
Chps_Sito_flex,Sito flex transformers,chps_Sito_flex,sito flex transformers
Chps_flex_Sito,Sito transformer Flex,chps_flex_Sito,sito transformer Flex
Chps_flex_sito,Sito transformer flex,chps_flex_sito,sito transformer flex
Chps_sito_Flex,Sito transformers Flex,chps_sito_Flex,sito transformers Flex
Chps_sito_flex,Sito transformers flex,chps_sito_flex,sito transformers flex
Flex Chp Sito,Sito_Chp_Flex,flex Chp Sito,sito_Chp_Flex
Flex Chp sito,Sito_Chp_flex,flex Chp sito,sito_Chp_flex
Flex Chps Sito,Sito_Chps_Flex,flex Chps Sito,sito_Chps_Flex
Flex Chps sito,Sito_Chps_flex,flex Chps sito,sito_Chps_flex
Flex Sito Chp,Sito_Flex_Chp,flex Sito Chp,sito_Flex_Chp
Flex Sito Chps,Sito_Flex_Chps,flex Sito Chps,sito_Flex_Chps
Flex Sito Transformer,Sito_Flex_Transformer,flex Sito Transformer,sito_Flex_Transformer
Flex Sito Transformers,Sito_Flex_Transformers,flex Sito Transformers,sito_Flex_Transformers
Flex Sito chp,Sito_Flex_chp,flex Sito chp,sito_Flex_chp
Flex Sito chps,Sito_Flex_chps,flex Sito chps,sito_Flex_chps
Flex Sito transformer,Sito_Flex_transformer,flex Sito transformer,sito_Flex_transformer
Flex Sito transformers,Sito_Flex_transformers,flex Sito transformers,sito_Flex_transformers
Flex Transformer Sito,Sito_Transformer_Flex,flex Transformer Sito,sito_Transformer_Flex
Flex Transformer sito,Sito_Transformer_flex,flex Transformer sito,sito_Transformer_flex
Flex Transformers Sito,Sito_Transformers_Flex,flex Transformers Sito,sito_Transformers_Flex
Flex Transformers sito,Sito_Transformers_flex,flex Transformers sito,sito_Transformers_flex
Flex chp Sito,Sito_chp_Flex,flex chp Sito,sito_chp_Flex
Flex chp sito,Sito_chp_flex,flex chp sito,sito_chp_flex
Flex chps Sito,Sito_chps_Flex,flex chps Sito,sito_chps_Flex
Flex chps sito,Sito_chps_flex,flex chps sito,sito_chps_flex
Flex sito Chp,Sito_flex_Chp,flex sito Chp,sito_flex_Chp
Flex sito Chps,Sito_flex_Chps,flex sito Chps,sito_flex_Chps
Flex sito Transformer,Sito_flex_Transformer,flex sito Transformer,sito_flex_Transformer
Flex sito Transformers,Sito_flex_Transformers,flex sito Transformers,sito_flex_Transformers
Flex sito chp,Sito_flex_chp,flex sito chp,sito_flex_chp
Flex sito chps,Sito_flex_chps,flex sito chps,sito_flex_chps
Flex sito transformer,Sito_flex_transformer,flex sito transformer,sito_flex_transformer
Flex sito transformers,Sito_flex_transformers,flex sito transformers,sito_flex_transformers
Flex transformer Sito,Sito_transformer_Flex,flex transformer Sito,sito_transformer_Flex
Flex transformer sito,Sito_transformer_flex,flex transformer sito,sito_transformer_flex
Flex transformers Sito,Sito_transformers_Flex,flex transformers Sito,sito_transformers_Flex
Flex transformers sito,Sito_transformers_flex,flex transformers sito,sito_transformers_flex
Flex_Chp_Sito,Transformer Flex Sito,flex_Chp_Sito,transformer Flex Sito
Flex_Chp_sito,Transformer Flex sito,flex_Chp_sito,transformer Flex sito
Flex_Chps_Sito,Transformer Sito Flex,flex_Chps_Sito,transformer Sito Flex
Flex_Chps_sito,Transformer Sito flex,flex_Chps_sito,transformer Sito flex
Flex_Sito_Chp,Transformer flex Sito,flex_Sito_Chp,transformer flex Sito
Flex_Sito_Chps,Transformer flex sito,flex_Sito_Chps,transformer flex sito
Flex_Sito_Transformer,Transformer sito Flex,flex_Sito_Transformer,transformer sito Flex
Flex_Sito_Transformers,Transformer sito flex,flex_Sito_Transformers,transformer sito flex
Flex_Sito_chp,Transformer_Flex_Sito,flex_Sito_chp,transformer_Flex_Sito
Flex_Sito_chps,Transformer_Flex_sito,flex_Sito_chps,transformer_Flex_sito
Flex_Sito_transformer,Transformer_Sito_Flex,flex_Sito_transformer,transformer_Sito_Flex
Flex_Sito_transformers,Transformer_Sito_flex,flex_Sito_transformers,transformer_Sito_flex
Flex_Transformer_Sito,Transformer_flex_Sito,flex_Transformer_Sito,transformer_flex_Sito
Flex_Transformer_sito,Transformer_flex_sito,flex_Transformer_sito,transformer_flex_sito
Flex_Transformers_Sito,Transformer_sito_Flex,flex_Transformers_Sito,transformer_sito_Flex
Flex_Transformers_sito,Transformer_sito_flex,flex_Transformers_sito,transformer_sito_flex
Flex_chp_Sito,Transformers Flex Sito,flex_chp_Sito,transformers Flex Sito
Flex_chp_sito,Transformers Flex sito,flex_chp_sito,transformers Flex sito
Flex_chps_Sito,Transformers Sito Flex,flex_chps_Sito,transformers Sito Flex
Flex_chps_sito,Transformers Sito flex,flex_chps_sito,transformers Sito flex
Flex_sito_Chp,Transformers flex Sito,flex_sito_Chp,transformers flex Sito
Flex_sito_Chps,Transformers flex sito,flex_sito_Chps,transformers flex sito
Flex_sito_Transformer,Transformers sito Flex,flex_sito_Transformer,transformers sito Flex
Flex_sito_Transformers,Transformers sito flex,flex_sito_Transformers,transformers sito flex
Flex_sito_chp,Transformers_Flex_Sito,flex_sito_chp,transformers_Flex_Sito
Flex_sito_chps,Transformers_Flex_sito,flex_sito_chps,transformers_Flex_sito
Flex_sito_transformer,Transformers_Sito_Flex,flex_sito_transformer,transformers_Sito_Flex
Flex_sito_transformers,Transformers_Sito_flex,flex_sito_transformers,transformers_Sito_flex
Flex_transformer_Sito,Transformers_flex_Sito,flex_transformer_Sito,transformers_flex_Sito
Flex_transformer_sito,Transformers_flex_sito,flex_transformer_sito,transformers_flex_sito
Flex_transformers_Sito,Transformers_sito_Flex,flex_transformers_Sito,transformers_sito_Flex
Flex_transformers_sito,Transformers_sito_flex,flex_transformers_sito,transformers_sito_flex
