Cost Powerup,Powerup Cost,cost Powerup,powerup Cost
Cost Starting,Powerup Costs,cost Starting,powerup Costs
Cost Startup,Powerup cost,cost Startup,powerup cost
Cost powerup,Powerup costs,cost powerup,powerup costs
Cost starting,Powerup_Cost,cost starting,powerup_Cost
Cost startup,Powerup_Costs,cost startup,powerup_Costs
Cost_Powerup,Powerup_cost,cost_Powerup,powerup_cost
Cost_Starting,Powerup_costs,cost_Starting,powerup_costs
Cost_Startup,Starting Cost,cost_Startup,starting Cost
Cost_powerup,Starting Costs,cost_powerup,starting Costs
Cost_starting,Starting cost,cost_starting,starting cost
Cost_startup,Starting costs,cost_startup,starting costs
Costs Powerup,Starting_Cost,costs Powerup,starting_Cost
Costs Starting,Starting_Costs,costs Starting,starting_Costs
Costs Startup,Starting_cost,costs Startup,starting_cost
Costs powerup,Starting_costs,costs powerup,starting_costs
Costs starting,Startup Cost,costs starting,startup Cost
Costs startup,Startup Costs,costs startup,startup Costs
Costs_Powerup,Startup cost,costs_Powerup,startup cost
Costs_Starting,Startup costs,costs_Starting,startup costs
Costs_Startup,Startup_Cost,costs_Startup,startup_Cost
Costs_powerup,Startup_Costs,costs_powerup,startup_Costs
Costs_starting,Startup_cost,costs_starting,startup_cost
Costs_startup,Startup_costs,costs_startup,startup_costs
