Change Costs Operating Status,Off_switching_Costs_On,change Costs Operating Status,off_switching_Costs_On
Change Costs Operating status,Off_switching_Costs_on,change Costs Operating status,off_switching_Costs_on
Change Costs Status Operating,Off_switching_On_Costs,change Costs Status Operating,off_switching_On_Costs
Change Costs Status operating,Off_switching_On_costs,change Costs Status operating,off_switching_On_costs
Change Costs operating Status,Off_switching_costs_On,change Costs operating Status,off_switching_costs_On
Change Costs operating status,Off_switching_costs_on,change Costs operating status,off_switching_costs_on
Change Costs status Operating,Off_switching_on_Costs,change Costs status Operating,off_switching_on_Costs
Change Costs status operating,Off_switching_on_costs,change Costs status operating,off_switching_on_costs
Change Operating Costs Status,On Costs Off Switching,change Operating Costs Status,on Costs Off Switching
Change Operating Costs status,On Costs Off switching,change Operating Costs status,on Costs Off switching
Change Operating Status Costs,On Costs Switching Off,change Operating Status Costs,on Costs Switching Off
Change Operating Status costs,On Costs Switching off,change Operating Status costs,on Costs Switching off
Change Operating costs Status,On Costs off Switching,change Operating costs Status,on Costs off Switching
Change Operating costs status,On Costs off switching,change Operating costs status,on Costs off switching
Change Operating status Costs,On Costs switching Off,change Operating status Costs,on Costs switching Off
Change Operating status costs,On Costs switching off,change Operating status costs,on Costs switching off
Change Status Costs Operating,On Off Costs Switching,change Status Costs Operating,on Off Costs Switching
Change Status Costs operating,On Off Costs switching,change Status Costs operating,on Off Costs switching
Change Status Operating Costs,On Off Switching Costs,change Status Operating Costs,on Off Switching Costs
Change Status Operating costs,On Off Switching costs,change Status Operating costs,on Off Switching costs
Change Status costs Operating,On Off costs Switching,change Status costs Operating,on Off costs Switching
Change Status costs operating,On Off costs switching,change Status costs operating,on Off costs switching
Change Status operating Costs,On Off switching Costs,change Status operating Costs,on Off switching Costs
Change Status operating costs,On Off switching costs,change Status operating costs,on Off switching costs
Change costs Operating Status,On Switching Costs Off,change costs Operating Status,on Switching Costs Off
Change costs Operating status,On Switching Costs off,change costs Operating status,on Switching Costs off
Change costs Status Operating,On Switching Off Costs,change costs Status Operating,on Switching Off Costs
Change costs Status operating,On Switching Off costs,change costs Status operating,on Switching Off costs
Change costs operating Status,On Switching costs Off,change costs operating Status,on Switching costs Off
Change costs operating status,On Switching costs off,change costs operating status,on Switching costs off
Change costs status Operating,On Switching off Costs,change costs status Operating,on Switching off Costs
Change costs status operating,On Switching off costs,change costs status operating,on Switching off costs
Change operating Costs Status,On costs Off Switching,change operating Costs Status,on costs Off Switching
Change operating Costs status,On costs Off switching,change operating Costs status,on costs Off switching
Change operating Status Costs,On costs Switching Off,change operating Status Costs,on costs Switching Off
Change operating Status costs,On costs Switching off,change operating Status costs,on costs Switching off
Change operating costs Status,On costs off Switching,change operating costs Status,on costs off Switching
Change operating costs status,On costs off switching,change operating costs status,on costs off switching
Change operating status Costs,On costs switching Off,change operating status Costs,on costs switching Off
Change operating status costs,On costs switching off,change operating status costs,on costs switching off
Change status Costs Operating,On off Costs Switching,change status Costs Operating,on off Costs Switching
Change status Costs operating,On off Costs switching,change status Costs operating,on off Costs switching
Change status Operating Costs,On off Switching Costs,change status Operating Costs,on off Switching Costs
Change status Operating costs,On off Switching costs,change status Operating costs,on off Switching costs
Change status costs Operating,On off costs Switching,change status costs Operating,on off costs Switching
Change status costs operating,On off costs switching,change status costs operating,on off costs switching
Change status operating Costs,On off switching Costs,change status operating Costs,on off switching Costs
Change status operating costs,On off switching costs,change status operating costs,on off switching costs
Change_Costs_Operating_Status,On switching Costs Off,change_Costs_Operating_Status,on switching Costs Off
Change_Costs_Operating_status,On switching Costs off,change_Costs_Operating_status,on switching Costs off
Change_Costs_Status_Operating,On switching Off Costs,change_Costs_Status_Operating,on switching Off Costs
Change_Costs_Status_operating,On switching Off costs,change_Costs_Status_operating,on switching Off costs
Change_Costs_operating_Status,On switching costs Off,change_Costs_operating_Status,on switching costs Off
Change_Costs_operating_status,On switching costs off,change_Costs_operating_status,on switching costs off
Change_Costs_status_Operating,On switching off Costs,change_Costs_status_Operating,on switching off Costs
Change_Costs_status_operating,On switching off costs,change_Costs_status_operating,on switching off costs
Change_Operating_Costs_Status,On_Costs_Off_Switching,change_Operating_Costs_Status,on_Costs_Off_Switching
Change_Operating_Costs_status,On_Costs_Off_switching,change_Operating_Costs_status,on_Costs_Off_switching
Change_Operating_Status_Costs,On_Costs_Switching_Off,change_Operating_Status_Costs,on_Costs_Switching_Off
Change_Operating_Status_costs,On_Costs_Switching_off,change_Operating_Status_costs,on_Costs_Switching_off
Change_Operating_costs_Status,On_Costs_off_Switching,change_Operating_costs_Status,on_Costs_off_Switching
Change_Operating_costs_status,On_Costs_off_switching,change_Operating_costs_status,on_Costs_off_switching
Change_Operating_status_Costs,On_Costs_switching_Off,change_Operating_status_Costs,on_Costs_switching_Off
Change_Operating_status_costs,On_Costs_switching_off,change_Operating_status_costs,on_Costs_switching_off
Change_Status_Costs_Operating,On_Off_Costs_Switching,change_Status_Costs_Operating,on_Off_Costs_Switching
Change_Status_Costs_operating,On_Off_Costs_switching,change_Status_Costs_operating,on_Off_Costs_switching
Change_Status_Operating_Costs,On_Off_Switching_Costs,change_Status_Operating_Costs,on_Off_Switching_Costs
Change_Status_Operating_costs,On_Off_Switching_costs,change_Status_Operating_costs,on_Off_Switching_costs
Change_Status_costs_Operating,On_Off_costs_Switching,change_Status_costs_Operating,on_Off_costs_Switching
Change_Status_costs_operating,On_Off_costs_switching,change_Status_costs_operating,on_Off_costs_switching
Change_Status_operating_Costs,On_Off_switching_Costs,change_Status_operating_Costs,on_Off_switching_Costs
Change_Status_operating_costs,On_Off_switching_costs,change_Status_operating_costs,on_Off_switching_costs
Change_costs_Operating_Status,On_Switching_Costs_Off,change_costs_Operating_Status,on_Switching_Costs_Off
Change_costs_Operating_status,On_Switching_Costs_off,change_costs_Operating_status,on_Switching_Costs_off
Change_costs_Status_Operating,On_Switching_Off_Costs,change_costs_Status_Operating,on_Switching_Off_Costs
Change_costs_Status_operating,On_Switching_Off_costs,change_costs_Status_operating,on_Switching_Off_costs
Change_costs_operating_Status,On_Switching_costs_Off,change_costs_operating_Status,on_Switching_costs_Off
Change_costs_operating_status,On_Switching_costs_off,change_costs_operating_status,on_Switching_costs_off
Change_costs_status_Operating,On_Switching_off_Costs,change_costs_status_Operating,on_Switching_off_Costs
Change_costs_status_operating,On_Switching_off_costs,change_costs_status_operating,on_Switching_off_costs
Change_operating_Costs_Status,On_costs_Off_Switching,change_operating_Costs_Status,on_costs_Off_Switching
Change_operating_Costs_status,On_costs_Off_switching,change_operating_Costs_status,on_costs_Off_switching
Change_operating_Status_Costs,On_costs_Switching_Off,change_operating_Status_Costs,on_costs_Switching_Off
Change_operating_Status_costs,On_costs_Switching_off,change_operating_Status_costs,on_costs_Switching_off
Change_operating_costs_Status,On_costs_off_Switching,change_operating_costs_Status,on_costs_off_Switching
Change_operating_costs_status,On_costs_off_switching,change_operating_costs_status,on_costs_off_switching
Change_operating_status_Costs,On_costs_switching_Off,change_operating_status_Costs,on_costs_switching_Off
Change_operating_status_costs,On_costs_switching_off,change_operating_status_costs,on_costs_switching_off
Change_status_Costs_Operating,On_off_Costs_Switching,change_status_Costs_Operating,on_off_Costs_Switching
Change_status_Costs_operating,On_off_Costs_switching,change_status_Costs_operating,on_off_Costs_switching
Change_status_Operating_Costs,On_off_Switching_Costs,change_status_Operating_Costs,on_off_Switching_Costs
Change_status_Operating_costs,On_off_Switching_costs,change_status_Operating_costs,on_off_Switching_costs
Change_status_costs_Operating,On_off_costs_Switching,change_status_costs_Operating,on_off_costs_Switching
Change_status_costs_operating,On_off_costs_switching,change_status_costs_operating,on_off_costs_switching
Change_status_operating_Costs,On_off_switching_Costs,change_status_operating_Costs,on_off_switching_Costs
Change_status_operating_costs,On_off_switching_costs,change_status_operating_costs,on_off_switching_costs
Changing Costs Status,On_switching_Costs_Off,changing Costs Status,on_switching_Costs_Off
Changing Costs status,On_switching_Costs_off,changing Costs status,on_switching_Costs_off
Changing Status Costs,On_switching_Off_Costs,changing Status Costs,on_switching_Off_Costs
Changing Status costs,On_switching_Off_costs,changing Status costs,on_switching_Off_costs
Changing costs Status,On_switching_costs_Off,changing costs Status,on_switching_costs_Off
Changing costs status,On_switching_costs_off,changing costs status,on_switching_costs_off
Changing status Costs,On_switching_off_Costs,changing status Costs,on_switching_off_Costs
Changing status costs,On_switching_off_costs,changing status costs,on_switching_off_costs
Changing_Costs_Status,Operating Change Costs Status,changing_Costs_Status,operating Change Costs Status
Changing_Costs_status,Operating Change Costs status,changing_Costs_status,operating Change Costs status
Changing_Status_Costs,Operating Change Status Costs,changing_Status_Costs,operating Change Status Costs
Changing_Status_costs,Operating Change Status costs,changing_Status_costs,operating Change Status costs
Changing_costs_Status,Operating Change costs Status,changing_costs_Status,operating Change costs Status
Changing_costs_status,Operating Change costs status,changing_costs_status,operating Change costs status
Changing_status_Costs,Operating Change status Costs,changing_status_Costs,operating Change status Costs
Changing_status_costs,Operating Change status costs,changing_status_costs,operating Change status costs
Costs Change Operating Status,Operating Costs Change Status,costs Change Operating Status,operating Costs Change Status
Costs Change Operating status,Operating Costs Change status,costs Change Operating status,operating Costs Change status
Costs Change Status Operating,Operating Costs Status Change,costs Change Status Operating,operating Costs Status Change
Costs Change Status operating,Operating Costs Status change,costs Change Status operating,operating Costs Status change
Costs Change operating Status,Operating Costs change Status,costs Change operating Status,operating Costs change Status
Costs Change operating status,Operating Costs change status,costs Change operating status,operating Costs change status
Costs Change status Operating,Operating Costs status Change,costs Change status Operating,operating Costs status Change
Costs Change status operating,Operating Costs status change,costs Change status operating,operating Costs status change
Costs Changing Status,Operating Status Change Costs,costs Changing Status,operating Status Change Costs
Costs Changing status,Operating Status Change costs,costs Changing status,operating Status Change costs
Costs Off On Switching,Operating Status Costs Change,costs Off On Switching,operating Status Costs Change
Costs Off On switching,Operating Status Costs change,costs Off On switching,operating Status Costs change
Costs Off Switching On,Operating Status change Costs,costs Off Switching On,operating Status change Costs
Costs Off Switching on,Operating Status change costs,costs Off Switching on,operating Status change costs
Costs Off on Switching,Operating Status costs Change,costs Off on Switching,operating Status costs Change
Costs Off on switching,Operating Status costs change,costs Off on switching,operating Status costs change
Costs Off switching On,Operating change Costs Status,costs Off switching On,operating change Costs Status
Costs Off switching on,Operating change Costs status,costs Off switching on,operating change Costs status
Costs On Off Switching,Operating change Status Costs,costs On Off Switching,operating change Status Costs
Costs On Off switching,Operating change Status costs,costs On Off switching,operating change Status costs
Costs On Switching Off,Operating change costs Status,costs On Switching Off,operating change costs Status
Costs On Switching off,Operating change costs status,costs On Switching off,operating change costs status
Costs On off Switching,Operating change status Costs,costs On off Switching,operating change status Costs
Costs On off switching,Operating change status costs,costs On off switching,operating change status costs
Costs On switching Off,Operating costs Change Status,costs On switching Off,operating costs Change Status
Costs On switching off,Operating costs Change status,costs On switching off,operating costs Change status
Costs Operating Change Status,Operating costs Status Change,costs Operating Change Status,operating costs Status Change
Costs Operating Change status,Operating costs Status change,costs Operating Change status,operating costs Status change
Costs Operating Status Change,Operating costs change Status,costs Operating Status Change,operating costs change Status
Costs Operating Status change,Operating costs change status,costs Operating Status change,operating costs change status
Costs Operating change Status,Operating costs status Change,costs Operating change Status,operating costs status Change
Costs Operating change status,Operating costs status change,costs Operating change status,operating costs status change
Costs Operating status Change,Operating status Change Costs,costs Operating status Change,operating status Change Costs
Costs Operating status change,Operating status Change costs,costs Operating status change,operating status Change costs
Costs Status Change Operating,Operating status Costs Change,costs Status Change Operating,operating status Costs Change
Costs Status Change operating,Operating status Costs change,costs Status Change operating,operating status Costs change
Costs Status Changing,Operating status change Costs,costs Status Changing,operating status change Costs
Costs Status Operating Change,Operating status change costs,costs Status Operating Change,operating status change costs
Costs Status Operating change,Operating status costs Change,costs Status Operating change,operating status costs Change
Costs Status change Operating,Operating status costs change,costs Status change Operating,operating status costs change
Costs Status change operating,Operating_Change_Costs_Status,costs Status change operating,operating_Change_Costs_Status
Costs Status changing,Operating_Change_Costs_status,costs Status changing,operating_Change_Costs_status
Costs Status operating Change,Operating_Change_Status_Costs,costs Status operating Change,operating_Change_Status_Costs
Costs Status operating change,Operating_Change_Status_costs,costs Status operating change,operating_Change_Status_costs
Costs Switching Off On,Operating_Change_costs_Status,costs Switching Off On,operating_Change_costs_Status
Costs Switching Off on,Operating_Change_costs_status,costs Switching Off on,operating_Change_costs_status
Costs Switching On Off,Operating_Change_status_Costs,costs Switching On Off,operating_Change_status_Costs
Costs Switching On off,Operating_Change_status_costs,costs Switching On off,operating_Change_status_costs
Costs Switching off On,Operating_Costs_Change_Status,costs Switching off On,operating_Costs_Change_Status
Costs Switching off on,Operating_Costs_Change_status,costs Switching off on,operating_Costs_Change_status
Costs Switching on Off,Operating_Costs_Status_Change,costs Switching on Off,operating_Costs_Status_Change
Costs Switching on off,Operating_Costs_Status_change,costs Switching on off,operating_Costs_Status_change
Costs change Operating Status,Operating_Costs_change_Status,costs change Operating Status,operating_Costs_change_Status
Costs change Operating status,Operating_Costs_change_status,costs change Operating status,operating_Costs_change_status
Costs change Status Operating,Operating_Costs_status_Change,costs change Status Operating,operating_Costs_status_Change
Costs change Status operating,Operating_Costs_status_change,costs change Status operating,operating_Costs_status_change
Costs change operating Status,Operating_Status_Change_Costs,costs change operating Status,operating_Status_Change_Costs
Costs change operating status,Operating_Status_Change_costs,costs change operating status,operating_Status_Change_costs
Costs change status Operating,Operating_Status_Costs_Change,costs change status Operating,operating_Status_Costs_Change
Costs change status operating,Operating_Status_Costs_change,costs change status operating,operating_Status_Costs_change
Costs changing Status,Operating_Status_change_Costs,costs changing Status,operating_Status_change_Costs
Costs changing status,Operating_Status_change_costs,costs changing status,operating_Status_change_costs
Costs off On Switching,Operating_Status_costs_Change,costs off On Switching,operating_Status_costs_Change
Costs off On switching,Operating_Status_costs_change,costs off On switching,operating_Status_costs_change
Costs off Switching On,Operating_change_Costs_Status,costs off Switching On,operating_change_Costs_Status
Costs off Switching on,Operating_change_Costs_status,costs off Switching on,operating_change_Costs_status
Costs off on Switching,Operating_change_Status_Costs,costs off on Switching,operating_change_Status_Costs
Costs off on switching,Operating_change_Status_costs,costs off on switching,operating_change_Status_costs
Costs off switching On,Operating_change_costs_Status,costs off switching On,operating_change_costs_Status
Costs off switching on,Operating_change_costs_status,costs off switching on,operating_change_costs_status
Costs on Off Switching,Operating_change_status_Costs,costs on Off Switching,operating_change_status_Costs
Costs on Off switching,Operating_change_status_costs,costs on Off switching,operating_change_status_costs
Costs on Switching Off,Operating_costs_Change_Status,costs on Switching Off,operating_costs_Change_Status
Costs on Switching off,Operating_costs_Change_status,costs on Switching off,operating_costs_Change_status
Costs on off Switching,Operating_costs_Status_Change,costs on off Switching,operating_costs_Status_Change
Costs on off switching,Operating_costs_Status_change,costs on off switching,operating_costs_Status_change
Costs on switching Off,Operating_costs_change_Status,costs on switching Off,operating_costs_change_Status
Costs on switching off,Operating_costs_change_status,costs on switching off,operating_costs_change_status
Costs operating Change Status,Operating_costs_status_Change,costs operating Change Status,operating_costs_status_Change
Costs operating Change status,Operating_costs_status_change,costs operating Change status,operating_costs_status_change
Costs operating Status Change,Operating_status_Change_Costs,costs operating Status Change,operating_status_Change_Costs
Costs operating Status change,Operating_status_Change_costs,costs operating Status change,operating_status_Change_costs
Costs operating change Status,Operating_status_Costs_Change,costs operating change Status,operating_status_Costs_Change
Costs operating change status,Operating_status_Costs_change,costs operating change status,operating_status_Costs_change
Costs operating status Change,Operating_status_change_Costs,costs operating status Change,operating_status_change_Costs
Costs operating status change,Operating_status_change_costs,costs operating status change,operating_status_change_costs
Costs status Change Operating,Operating_status_costs_Change,costs status Change Operating,operating_status_costs_Change
Costs status Change operating,Operating_status_costs_change,costs status Change operating,operating_status_costs_change
Costs status Changing,Status Change Costs Operating,costs status Changing,status Change Costs Operating
Costs status Operating Change,Status Change Costs operating,costs status Operating Change,status Change Costs operating
Costs status Operating change,Status Change Operating Costs,costs status Operating change,status Change Operating Costs
Costs status change Operating,Status Change Operating costs,costs status change Operating,status Change Operating costs
Costs status change operating,Status Change costs Operating,costs status change operating,status Change costs Operating
Costs status changing,Status Change costs operating,costs status changing,status Change costs operating
Costs status operating Change,Status Change operating Costs,costs status operating Change,status Change operating Costs
Costs status operating change,Status Change operating costs,costs status operating change,status Change operating costs
Costs switching Off On,Status Changing Costs,costs switching Off On,status Changing Costs
Costs switching Off on,Status Changing costs,costs switching Off on,status Changing costs
Costs switching On Off,Status Costs Change Operating,costs switching On Off,status Costs Change Operating
Costs switching On off,Status Costs Change operating,costs switching On off,status Costs Change operating
Costs switching off On,Status Costs Changing,costs switching off On,status Costs Changing
Costs switching off on,Status Costs Operating Change,costs switching off on,status Costs Operating Change
Costs switching on Off,Status Costs Operating change,costs switching on Off,status Costs Operating change
Costs switching on off,Status Costs change Operating,costs switching on off,status Costs change Operating
Costs_Change_Operating_Status,Status Costs change operating,costs_Change_Operating_Status,status Costs change operating
Costs_Change_Operating_status,Status Costs changing,costs_Change_Operating_status,status Costs changing
Costs_Change_Status_Operating,Status Costs operating Change,costs_Change_Status_Operating,status Costs operating Change
Costs_Change_Status_operating,Status Costs operating change,costs_Change_Status_operating,status Costs operating change
Costs_Change_operating_Status,Status Operating Change Costs,costs_Change_operating_Status,status Operating Change Costs
Costs_Change_operating_status,Status Operating Change costs,costs_Change_operating_status,status Operating Change costs
Costs_Change_status_Operating,Status Operating Costs Change,costs_Change_status_Operating,status Operating Costs Change
Costs_Change_status_operating,Status Operating Costs change,costs_Change_status_operating,status Operating Costs change
Costs_Changing_Status,Status Operating change Costs,costs_Changing_Status,status Operating change Costs
Costs_Changing_status,Status Operating change costs,costs_Changing_status,status Operating change costs
Costs_Off_On_Switching,Status Operating costs Change,costs_Off_On_Switching,status Operating costs Change
Costs_Off_On_switching,Status Operating costs change,costs_Off_On_switching,status Operating costs change
Costs_Off_Switching_On,Status change Costs Operating,costs_Off_Switching_On,status change Costs Operating
Costs_Off_Switching_on,Status change Costs operating,costs_Off_Switching_on,status change Costs operating
Costs_Off_on_Switching,Status change Operating Costs,costs_Off_on_Switching,status change Operating Costs
Costs_Off_on_switching,Status change Operating costs,costs_Off_on_switching,status change Operating costs
Costs_Off_switching_On,Status change costs Operating,costs_Off_switching_On,status change costs Operating
Costs_Off_switching_on,Status change costs operating,costs_Off_switching_on,status change costs operating
Costs_On_Off_Switching,Status change operating Costs,costs_On_Off_Switching,status change operating Costs
Costs_On_Off_switching,Status change operating costs,costs_On_Off_switching,status change operating costs
Costs_On_Switching_Off,Status changing Costs,costs_On_Switching_Off,status changing Costs
Costs_On_Switching_off,Status changing costs,costs_On_Switching_off,status changing costs
Costs_On_off_Switching,Status costs Change Operating,costs_On_off_Switching,status costs Change Operating
Costs_On_off_switching,Status costs Change operating,costs_On_off_switching,status costs Change operating
Costs_On_switching_Off,Status costs Changing,costs_On_switching_Off,status costs Changing
Costs_On_switching_off,Status costs Operating Change,costs_On_switching_off,status costs Operating Change
Costs_Operating_Change_Status,Status costs Operating change,costs_Operating_Change_Status,status costs Operating change
Costs_Operating_Change_status,Status costs change Operating,costs_Operating_Change_status,status costs change Operating
Costs_Operating_Status_Change,Status costs change operating,costs_Operating_Status_Change,status costs change operating
Costs_Operating_Status_change,Status costs changing,costs_Operating_Status_change,status costs changing
Costs_Operating_change_Status,Status costs operating Change,costs_Operating_change_Status,status costs operating Change
Costs_Operating_change_status,Status costs operating change,costs_Operating_change_status,status costs operating change
Costs_Operating_status_Change,Status operating Change Costs,costs_Operating_status_Change,status operating Change Costs
Costs_Operating_status_change,Status operating Change costs,costs_Operating_status_change,status operating Change costs
Costs_Status_Change_Operating,Status operating Costs Change,costs_Status_Change_Operating,status operating Costs Change
Costs_Status_Change_operating,Status operating Costs change,costs_Status_Change_operating,status operating Costs change
Costs_Status_Changing,Status operating change Costs,costs_Status_Changing,status operating change Costs
Costs_Status_Operating_Change,Status operating change costs,costs_Status_Operating_Change,status operating change costs
Costs_Status_Operating_change,Status operating costs Change,costs_Status_Operating_change,status operating costs Change
Costs_Status_change_Operating,Status operating costs change,costs_Status_change_Operating,status operating costs change
Costs_Status_change_operating,Status_Change_Costs_Operating,costs_Status_change_operating,status_Change_Costs_Operating
Costs_Status_changing,Status_Change_Costs_operating,costs_Status_changing,status_Change_Costs_operating
Costs_Status_operating_Change,Status_Change_Operating_Costs,costs_Status_operating_Change,status_Change_Operating_Costs
Costs_Status_operating_change,Status_Change_Operating_costs,costs_Status_operating_change,status_Change_Operating_costs
Costs_Switching_Off_On,Status_Change_costs_Operating,costs_Switching_Off_On,status_Change_costs_Operating
Costs_Switching_Off_on,Status_Change_costs_operating,costs_Switching_Off_on,status_Change_costs_operating
Costs_Switching_On_Off,Status_Change_operating_Costs,costs_Switching_On_Off,status_Change_operating_Costs
Costs_Switching_On_off,Status_Change_operating_costs,costs_Switching_On_off,status_Change_operating_costs
Costs_Switching_off_On,Status_Changing_Costs,costs_Switching_off_On,status_Changing_Costs
Costs_Switching_off_on,Status_Changing_costs,costs_Switching_off_on,status_Changing_costs
Costs_Switching_on_Off,Status_Costs_Change_Operating,costs_Switching_on_Off,status_Costs_Change_Operating
Costs_Switching_on_off,Status_Costs_Change_operating,costs_Switching_on_off,status_Costs_Change_operating
Costs_change_Operating_Status,Status_Costs_Changing,costs_change_Operating_Status,status_Costs_Changing
Costs_change_Operating_status,Status_Costs_Operating_Change,costs_change_Operating_status,status_Costs_Operating_Change
Costs_change_Status_Operating,Status_Costs_Operating_change,costs_change_Status_Operating,status_Costs_Operating_change
Costs_change_Status_operating,Status_Costs_change_Operating,costs_change_Status_operating,status_Costs_change_Operating
Costs_change_operating_Status,Status_Costs_change_operating,costs_change_operating_Status,status_Costs_change_operating
Costs_change_operating_status,Status_Costs_changing,costs_change_operating_status,status_Costs_changing
Costs_change_status_Operating,Status_Costs_operating_Change,costs_change_status_Operating,status_Costs_operating_Change
Costs_change_status_operating,Status_Costs_operating_change,costs_change_status_operating,status_Costs_operating_change
Costs_changing_Status,Status_Operating_Change_Costs,costs_changing_Status,status_Operating_Change_Costs
Costs_changing_status,Status_Operating_Change_costs,costs_changing_status,status_Operating_Change_costs
Costs_off_On_Switching,Status_Operating_Costs_Change,costs_off_On_Switching,status_Operating_Costs_Change
Costs_off_On_switching,Status_Operating_Costs_change,costs_off_On_switching,status_Operating_Costs_change
Costs_off_Switching_On,Status_Operating_change_Costs,costs_off_Switching_On,status_Operating_change_Costs
Costs_off_Switching_on,Status_Operating_change_costs,costs_off_Switching_on,status_Operating_change_costs
Costs_off_on_Switching,Status_Operating_costs_Change,costs_off_on_Switching,status_Operating_costs_Change
Costs_off_on_switching,Status_Operating_costs_change,costs_off_on_switching,status_Operating_costs_change
Costs_off_switching_On,Status_change_Costs_Operating,costs_off_switching_On,status_change_Costs_Operating
Costs_off_switching_on,Status_change_Costs_operating,costs_off_switching_on,status_change_Costs_operating
Costs_on_Off_Switching,Status_change_Operating_Costs,costs_on_Off_Switching,status_change_Operating_Costs
Costs_on_Off_switching,Status_change_Operating_costs,costs_on_Off_switching,status_change_Operating_costs
Costs_on_Switching_Off,Status_change_costs_Operating,costs_on_Switching_Off,status_change_costs_Operating
Costs_on_Switching_off,Status_change_costs_operating,costs_on_Switching_off,status_change_costs_operating
Costs_on_off_Switching,Status_change_operating_Costs,costs_on_off_Switching,status_change_operating_Costs
Costs_on_off_switching,Status_change_operating_costs,costs_on_off_switching,status_change_operating_costs
Costs_on_switching_Off,Status_changing_Costs,costs_on_switching_Off,status_changing_Costs
Costs_on_switching_off,Status_changing_costs,costs_on_switching_off,status_changing_costs
Costs_operating_Change_Status,Status_costs_Change_Operating,costs_operating_Change_Status,status_costs_Change_Operating
Costs_operating_Change_status,Status_costs_Change_operating,costs_operating_Change_status,status_costs_Change_operating
Costs_operating_Status_Change,Status_costs_Changing,costs_operating_Status_Change,status_costs_Changing
Costs_operating_Status_change,Status_costs_Operating_Change,costs_operating_Status_change,status_costs_Operating_Change
Costs_operating_change_Status,Status_costs_Operating_change,costs_operating_change_Status,status_costs_Operating_change
Costs_operating_change_status,Status_costs_change_Operating,costs_operating_change_status,status_costs_change_Operating
Costs_operating_status_Change,Status_costs_change_operating,costs_operating_status_Change,status_costs_change_operating
Costs_operating_status_change,Status_costs_changing,costs_operating_status_change,status_costs_changing
Costs_status_Change_Operating,Status_costs_operating_Change,costs_status_Change_Operating,status_costs_operating_Change
Costs_status_Change_operating,Status_costs_operating_change,costs_status_Change_operating,status_costs_operating_change
Costs_status_Changing,Status_operating_Change_Costs,costs_status_Changing,status_operating_Change_Costs
Costs_status_Operating_Change,Status_operating_Change_costs,costs_status_Operating_Change,status_operating_Change_costs
Costs_status_Operating_change,Status_operating_Costs_Change,costs_status_Operating_change,status_operating_Costs_Change
Costs_status_change_Operating,Status_operating_Costs_change,costs_status_change_Operating,status_operating_Costs_change
Costs_status_change_operating,Status_operating_change_Costs,costs_status_change_operating,status_operating_change_Costs
Costs_status_changing,Status_operating_change_costs,costs_status_changing,status_operating_change_costs
Costs_status_operating_Change,Status_operating_costs_Change,costs_status_operating_Change,status_operating_costs_Change
Costs_status_operating_change,Status_operating_costs_change,costs_status_operating_change,status_operating_costs_change
Costs_switching_Off_On,Switching Costs Off On,costs_switching_Off_On,switching Costs Off On
Costs_switching_Off_on,Switching Costs Off on,costs_switching_Off_on,switching Costs Off on
Costs_switching_On_Off,Switching Costs On Off,costs_switching_On_Off,switching Costs On Off
Costs_switching_On_off,Switching Costs On off,costs_switching_On_off,switching Costs On off
Costs_switching_off_On,Switching Costs off On,costs_switching_off_On,switching Costs off On
Costs_switching_off_on,Switching Costs off on,costs_switching_off_on,switching Costs off on
Costs_switching_on_Off,Switching Costs on Off,costs_switching_on_Off,switching Costs on Off
Costs_switching_on_off,Switching Costs on off,costs_switching_on_off,switching Costs on off
Off Costs On Switching,Switching Off Costs On,off Costs On Switching,switching Off Costs On
Off Costs On switching,Switching Off Costs on,off Costs On switching,switching Off Costs on
Off Costs Switching On,Switching Off On Costs,off Costs Switching On,switching Off On Costs
Off Costs Switching on,Switching Off On costs,off Costs Switching on,switching Off On costs
Off Costs on Switching,Switching Off costs On,off Costs on Switching,switching Off costs On
Off Costs on switching,Switching Off costs on,off Costs on switching,switching Off costs on
Off Costs switching On,Switching Off on Costs,off Costs switching On,switching Off on Costs
Off Costs switching on,Switching Off on costs,off Costs switching on,switching Off on costs
Off On Costs Switching,Switching On Costs Off,off On Costs Switching,switching On Costs Off
Off On Costs switching,Switching On Costs off,off On Costs switching,switching On Costs off
Off On Switching Costs,Switching On Off Costs,off On Switching Costs,switching On Off Costs
Off On Switching costs,Switching On Off costs,off On Switching costs,switching On Off costs
Off On costs Switching,Switching On costs Off,off On costs Switching,switching On costs Off
Off On costs switching,Switching On costs off,off On costs switching,switching On costs off
Off On switching Costs,Switching On off Costs,off On switching Costs,switching On off Costs
Off On switching costs,Switching On off costs,off On switching costs,switching On off costs
Off Switching Costs On,Switching costs Off On,off Switching Costs On,switching costs Off On
Off Switching Costs on,Switching costs Off on,off Switching Costs on,switching costs Off on
Off Switching On Costs,Switching costs On Off,off Switching On Costs,switching costs On Off
Off Switching On costs,Switching costs On off,off Switching On costs,switching costs On off
Off Switching costs On,Switching costs off On,off Switching costs On,switching costs off On
Off Switching costs on,Switching costs off on,off Switching costs on,switching costs off on
Off Switching on Costs,Switching costs on Off,off Switching on Costs,switching costs on Off
Off Switching on costs,Switching costs on off,off Switching on costs,switching costs on off
Off costs On Switching,Switching off Costs On,off costs On Switching,switching off Costs On
Off costs On switching,Switching off Costs on,off costs On switching,switching off Costs on
Off costs Switching On,Switching off On Costs,off costs Switching On,switching off On Costs
Off costs Switching on,Switching off On costs,off costs Switching on,switching off On costs
Off costs on Switching,Switching off costs On,off costs on Switching,switching off costs On
Off costs on switching,Switching off costs on,off costs on switching,switching off costs on
Off costs switching On,Switching off on Costs,off costs switching On,switching off on Costs
Off costs switching on,Switching off on costs,off costs switching on,switching off on costs
Off on Costs Switching,Switching on Costs Off,off on Costs Switching,switching on Costs Off
Off on Costs switching,Switching on Costs off,off on Costs switching,switching on Costs off
Off on Switching Costs,Switching on Off Costs,off on Switching Costs,switching on Off Costs
Off on Switching costs,Switching on Off costs,off on Switching costs,switching on Off costs
Off on costs Switching,Switching on costs Off,off on costs Switching,switching on costs Off
Off on costs switching,Switching on costs off,off on costs switching,switching on costs off
Off on switching Costs,Switching on off Costs,off on switching Costs,switching on off Costs
Off on switching costs,Switching on off costs,off on switching costs,switching on off costs
Off switching Costs On,Switching_Costs_Off_On,off switching Costs On,switching_Costs_Off_On
Off switching Costs on,Switching_Costs_Off_on,off switching Costs on,switching_Costs_Off_on
Off switching On Costs,Switching_Costs_On_Off,off switching On Costs,switching_Costs_On_Off
Off switching On costs,Switching_Costs_On_off,off switching On costs,switching_Costs_On_off
Off switching costs On,Switching_Costs_off_On,off switching costs On,switching_Costs_off_On
Off switching costs on,Switching_Costs_off_on,off switching costs on,switching_Costs_off_on
Off switching on Costs,Switching_Costs_on_Off,off switching on Costs,switching_Costs_on_Off
Off switching on costs,Switching_Costs_on_off,off switching on costs,switching_Costs_on_off
Off_Costs_On_Switching,Switching_Off_Costs_On,off_Costs_On_Switching,switching_Off_Costs_On
Off_Costs_On_switching,Switching_Off_Costs_on,off_Costs_On_switching,switching_Off_Costs_on
Off_Costs_Switching_On,Switching_Off_On_Costs,off_Costs_Switching_On,switching_Off_On_Costs
Off_Costs_Switching_on,Switching_Off_On_costs,off_Costs_Switching_on,switching_Off_On_costs
Off_Costs_on_Switching,Switching_Off_costs_On,off_Costs_on_Switching,switching_Off_costs_On
Off_Costs_on_switching,Switching_Off_costs_on,off_Costs_on_switching,switching_Off_costs_on
Off_Costs_switching_On,Switching_Off_on_Costs,off_Costs_switching_On,switching_Off_on_Costs
Off_Costs_switching_on,Switching_Off_on_costs,off_Costs_switching_on,switching_Off_on_costs
Off_On_Costs_Switching,Switching_On_Costs_Off,off_On_Costs_Switching,switching_On_Costs_Off
Off_On_Costs_switching,Switching_On_Costs_off,off_On_Costs_switching,switching_On_Costs_off
Off_On_Switching_Costs,Switching_On_Off_Costs,off_On_Switching_Costs,switching_On_Off_Costs
Off_On_Switching_costs,Switching_On_Off_costs,off_On_Switching_costs,switching_On_Off_costs
Off_On_costs_Switching,Switching_On_costs_Off,off_On_costs_Switching,switching_On_costs_Off
Off_On_costs_switching,Switching_On_costs_off,off_On_costs_switching,switching_On_costs_off
Off_On_switching_Costs,Switching_On_off_Costs,off_On_switching_Costs,switching_On_off_Costs
Off_On_switching_costs,Switching_On_off_costs,off_On_switching_costs,switching_On_off_costs
Off_Switching_Costs_On,Switching_costs_Off_On,off_Switching_Costs_On,switching_costs_Off_On
Off_Switching_Costs_on,Switching_costs_Off_on,off_Switching_Costs_on,switching_costs_Off_on
Off_Switching_On_Costs,Switching_costs_On_Off,off_Switching_On_Costs,switching_costs_On_Off
Off_Switching_On_costs,Switching_costs_On_off,off_Switching_On_costs,switching_costs_On_off
Off_Switching_costs_On,Switching_costs_off_On,off_Switching_costs_On,switching_costs_off_On
Off_Switching_costs_on,Switching_costs_off_on,off_Switching_costs_on,switching_costs_off_on
Off_Switching_on_Costs,Switching_costs_on_Off,off_Switching_on_Costs,switching_costs_on_Off
Off_Switching_on_costs,Switching_costs_on_off,off_Switching_on_costs,switching_costs_on_off
Off_costs_On_Switching,Switching_off_Costs_On,off_costs_On_Switching,switching_off_Costs_On
Off_costs_On_switching,Switching_off_Costs_on,off_costs_On_switching,switching_off_Costs_on
Off_costs_Switching_On,Switching_off_On_Costs,off_costs_Switching_On,switching_off_On_Costs
Off_costs_Switching_on,Switching_off_On_costs,off_costs_Switching_on,switching_off_On_costs
Off_costs_on_Switching,Switching_off_costs_On,off_costs_on_Switching,switching_off_costs_On
Off_costs_on_switching,Switching_off_costs_on,off_costs_on_switching,switching_off_costs_on
Off_costs_switching_On,Switching_off_on_Costs,off_costs_switching_On,switching_off_on_Costs
Off_costs_switching_on,Switching_off_on_costs,off_costs_switching_on,switching_off_on_costs
Off_on_Costs_Switching,Switching_on_Costs_Off,off_on_Costs_Switching,switching_on_Costs_Off
Off_on_Costs_switching,Switching_on_Costs_off,off_on_Costs_switching,switching_on_Costs_off
Off_on_Switching_Costs,Switching_on_Off_Costs,off_on_Switching_Costs,switching_on_Off_Costs
Off_on_Switching_costs,Switching_on_Off_costs,off_on_Switching_costs,switching_on_Off_costs
Off_on_costs_Switching,Switching_on_costs_Off,off_on_costs_Switching,switching_on_costs_Off
Off_on_costs_switching,Switching_on_costs_off,off_on_costs_switching,switching_on_costs_off
Off_on_switching_Costs,Switching_on_off_Costs,off_on_switching_Costs,switching_on_off_Costs
Off_on_switching_costs,Switching_on_off_costs,off_on_switching_costs,switching_on_off_costs
