Heating Upper Value,Upper_Heating_Value,heating Upper Value,upper_Heating_Value
Heating Upper value,Upper_Heating_value,heating Upper value,upper_Heating_value
Heating Value Upper,Upper_Value_Heating,heating Value Upper,upper_Value_Heating
Heating Value upper,Upper_Value_heating,heating Value upper,upper_Value_heating
Heating upper Value,Upper_heating_Value,heating upper Value,upper_heating_Value
Heating upper value,Upper_heating_value,heating upper value,upper_heating_value
Heating value Upper,Upper_value_Heating,heating value Upper,upper_value_Heating
Heating value upper,Upper_value_heating,heating value upper,upper_value_heating
Heating_Upper_Value,Value Heating Upper,heating_Upper_Value,value Heating Upper
Heating_Upper_value,Value Heating upper,heating_Upper_value,value Heating upper
Heating_Value_Upper,Value Upper Heating,heating_Value_Upper,value Upper Heating
Heating_Value_upper,Value Upper heating,heating_Value_upper,value Upper heating
Heating_upper_Value,Value heating Upper,heating_upper_Value,value heating Upper
Heating_upper_value,Value heating upper,heating_upper_value,value heating upper
Heating_value_Upper,Value upper Heating,heating_value_Upper,value upper Heating
Heating_value_upper,Value upper heating,heating_value_upper,value upper heating
Upper Heating Value,Value_Heating_Upper,upper Heating Value,value_Heating_Upper
Upper Heating value,Value_Heating_upper,upper Heating value,value_Heating_upper
Upper Value Heating,Value_Upper_Heating,upper Value Heating,value_Upper_Heating
Upper Value heating,Value_Upper_heating,upper Value heating,value_Upper_heating
Upper heating Value,Value_heating_Upper,upper heating Value,value_heating_Upper
Upper heating value,Value_heating_upper,upper heating value,value_heating_upper
Upper value Heating,Value_upper_Heating,upper value Heating,value_upper_Heating
Upper value heating,Value_upper_heating,upper value heating,value_upper_heating
